siret,nom,email,telephone,site,adresse,code_postal,ville,siren,organisme,domaines_rge,email_source,etat_sirene,procedure_collective,dirigeant,tranche_effectif,enrichi,departement,score,score_detail,effectif_num,tier
32062262400031,CABINET STREM,contact@strem.fr,04 78 17 39 09,http://www.strem.fr,115 rue Tronchet,69006,LYON,320622624,opqibi,Audit énergétique Maison individuelle; Audit énergétique Logement collectif;Etude forage géothermique;Etude solaire photovoltaïque,,A,,PIERRE JEAN LOUIS MARIE GERGELE,11,1,69,11,"RGE etudes, email, tel, site, domaine tertiaire, effectif cible",19,CHAUD
38803934900096,JLL INGENIERIE SAS Lyon,jll.ingenierie.contact@jll.com,04 78 89 26 26,http://www.jll.fr,102 Cr Charlemagne,69002,Lyon,388039349,opqibi,Etude thermique reglementaire,,A,,JEAN-PHILIPPE BUTI,12,1,69,11,"RGE etudes, email, tel, site, domaine tertiaire, effectif cible",49,CHAUD
49460879700010,BRP ETUDE CONSEIL,contact@brp-conseil.fr,04 28 29 59 88,http://www.brp-conseil.fr,19 Chemin des Quatre Vents,69530,BRIGNAIS,494608797,opqibi,Audit énergétique Maison individuelle; Audit énergétique Logement collectif,,A,,BERNARD MARCEL PONZIO,02,1,69,11,"RGE etudes, email, tel, site, domaine tertiaire, effectif cible",5,CHAUD
78912054000016,EPCO ENERGIES,be@epco-energies.fr,06 75 08 99 21,http://www.epco-energies.fr,19 rue de la République,69650,QUINCIEUX,789120540,opqibi,Audit énergétique Maison individuelle; Audit énergétique Logement collectif;Commisionnement;Etude bois énergie;Etude forage géothermique;Etude système technique bâtiment,,A,,ROMAIN FEVRE,03,1,69,11,"RGE etudes, email, tel, site, domaine tertiaire, effectif cible",9,CHAUD
78920729700043,EPPY VILLEURBANNE,secretariat.direction@eppygroup.fr,09 72 11 61 28,http://www.eppygroup.fr,58 Boulevard Niels Bohr,69100,VILLEURBANNE,789207297,opqibi,Commisionnement;Etude système technique bâtiment,,A,,GAGNERAUD CONSTRUCTION,01,1,69,11,"RGE etudes, email, tel, site, domaine tertiaire, effectif cible",2,CHAUD
79226941700038,ACTINEO,contact@actineo-conseil.fr,04 72 21 62 32,http://www.actineo-conseil.fr,97 allée Alexandre Borodine Le Parc Technologique - Bât Douglas 6,69800,ST PRIEST,792269417,opqibi,Audit énergétique Maison individuelle; Audit énergétique Logement collectif,,A,,LAURENT LUC JACQUEL,11,1,69,11,"RGE etudes, email, tel, site, domaine tertiaire, effectif cible",19,CHAUD
79488444500022,CABINET BAZIN,cabinet-bazin@cabinet-bazin.fr,04 78 85 79 32,http://www.cabinet-bazin.fr,513 rue de Sans Souci,69760,LIMONEST,794884445,opqtecc,Etude enveloppe du bâtiment,,A,,JEAN-PHILIPPE BROCHET,03,1,69,11,"RGE etudes, email, tel, site, domaine tertiaire, effectif cible",9,CHAUD
80086814300028,ENORKA,bfrecon@enorka.fr,04 72 41 88 55,http://www.enorka.fr,4 rue Duphot,69003,LYON,800868143,opqibi,Audit énergétique Maison individuelle; Audit énergétique Logement collectif,,A,,PAUL-MARIE JOSEPH DOMINIQUE BERNARD DUPUY,11,1,69,11,"RGE etudes, email, tel, site, domaine tertiaire, effectif cible",19,CHAUD
80108928500028,ATYC,architectes@atyc.fr,09 86 18 18 54,http://www.atyc.fr,2 PLACE DE LA GARE,69250,ALBIGNY SUR SAONE,801089285,cnoa,Audit énergétique Logement collectif;Audit énergétique Maison individuelle,,A,,YOANN CEDRIC CHAVEROT,01,1,69,11,"RGE etudes, email, tel, site, domaine tertiaire, effectif cible",2,CHAUD
80447608300030,GENIM,gabriel.riviere@genim.fr,06 62 41 62 29,http://www.genim.fr,"20A, rue Guyot",69300,CALUIRE ET CUIRE,804476083,opqibi,Audit énergétique Maison individuelle; Audit énergétique Logement collectif,,A,,GABRIEL RIVIERE,02,1,69,11,"RGE etudes, email, tel, site, domaine tertiaire, effectif cible",5,CHAUD
83221604800039,BASTIDE-BONDOUX  Ingéfluides,if@bastide-bondoux.fr,04 26 69 16 80,http://www.bastide-bondoux.fr,4 route des Troques,69630,CHAPONOST,832216048,opqibi,Audit énergétique Maison individuelle; Audit énergétique Logement collectif;Etude ACV;Etude thermique reglementaire,,A,,BASTIDE BONDOUX FEDERATEUR,12,1,69,11,"RGE etudes, email, tel, site, domaine tertiaire, effectif cible",49,CHAUD
90035108100022,ARPENTEUR,contact@arpenteur-architecture.com,06 61 22 44 08,https://arpenteur-architecture.com/,87 RUE TRONCHET,69006,LYON,900351081,cnoa,Audit énergétique Logement collectif;Audit énergétique Maison individuelle,,A,,ARIANE SCIOT,01,1,69,11,"RGE etudes, email, tel, site, domaine tertiaire, effectif cible",2,CHAUD
96550725400021,BUREAU D’ETUDE MATTE,bet@matte.fr,04 72 44 02 87,http://www.matte.fr,119 Bd de la Bataille de Stalingrad,69100,VILLEURBANNE,965507254,opqibi,Etude eclairage;Etude thermique reglementaire,,A,,PHILIPPE CARVALHO,12,1,69,11,"RGE etudes, email, tel, site, domaine tertiaire, effectif cible",49,CHAUD
97150167100020,BERGA,berga@berga.fr,04 78 83 11 11,http://www.berga.fr,113 rue Marietton,69009,LYON,971501671,opqibi,Etude bois énergie;Etude eclairage,,A,,ARNAUD DECHALONS,11,1,69,11,"RGE etudes, email, tel, site, domaine tertiaire, effectif cible",19,CHAUD
98013988500027,MAIMMO CONSEIL,m.espuche@maimmo.fr,06 43 15 17 76,http://www.maimmo.fr,8 Rue Pierre Dupont,69740,GENAS,980139885,opqibi,Audit énergétique Maison individuelle; Audit énergétique Logement collectif,,A,,SALOME INVEST,01,1,69,11,"RGE etudes, email, tel, site, domaine tertiaire, effectif cible",2,CHAUD
98037425000010,CONSULTANTS AKONOVIA FRANCE,gmoreau@akonovia.fr,06 66 60 38 21,http://www.akonovia.fr,"22, avenue Lionel Terray",69330,JONAGE,980374250,opqibi,Audit énergétique Maison individuelle; Audit énergétique Logement collectif,,A,,PHILIPPE HUDON,02,1,69,11,"RGE etudes, email, tel, site, domaine tertiaire, effectif cible",5,CHAUD
34814697800021,MG PLUS,mgplus@mgplus.fr,04 72 33 25 59,,73 cours Albert Thomas,69447,LYON CEDEX,348146978,opqibi,Audit énergétique Maison individuelle; Audit énergétique Logement collectif;Etude thermique reglementaire,,A,,BERNARD MEZERETTE,11,1,69,10,"RGE etudes, email, tel, domaine tertiaire, effectif cible",19,CHAUD
79322166400014,ALVEOLES ARCHITECTURE,xavier.campeyron@alveoles.eu,09 52 65 53 92,,33 QUAI PIERRE SCIZE,69009,LYON,793221664,cnoa,Audit énergétique Logement collectif;Audit énergétique Maison individuelle,,A,,XAVIER CAMPEYRON,01,1,69,10,"RGE etudes, email, tel, domaine tertiaire, effectif cible",2,CHAUD
80795276700034,GENIUM INGENIERIE,contact@genium-ing.fr,,https://www.genium-ingenierie.fr/,399 RUE ROBERT SCHUMAN,69400,VILLEFRANCE SUR SAONE,807952767,afnor,Audit énergétique Maison individuelle; Audit énergétique Logement collectif,,A,,JONATHAN FRANCISQUE ANTHONY GUYOT,02,1,69,10,"RGE etudes, email, site, domaine tertiaire, effectif cible",5,CHAUD
83756480600052,GBA ENERGIES,energies@gba-energies.com,,http://www.gba-energies.com,8 rue Dominique Perfetti,69004,LYON,837564806,opqibi,Audit énergétique Maison individuelle; Audit énergétique Logement collectif;Etude bois énergie;Etude eclairage;Etude forage géothermique;Etude système technique bâtiment,,A,,JLF INVEST,11,1,69,10,"RGE etudes, email, site, domaine tertiaire, effectif cible",19,CHAUD
88786037700050,LOWIT,julien.gallois@lowit.fr,,http://www.lowit.fr,184 COURS LAFAYETTE,69003,LYON,887860377,opqibi,Audit énergétique Maison individuelle; Audit énergétique Logement collectif,,A,,JULIEN GALLOIS,12,1,69,10,"RGE etudes, email, site, domaine tertiaire, effectif cible",49,CHAUD
52285015500089,PLANAIR FRANCE Lyon,info@planair.fr,,http://www.planair.fr,18 rue Gabriel Peri,69100,VILLEURBANNE,522850155,opqibi,Audit énergétique Maison individuelle; Audit énergétique Logement collectif;Etude bois énergie;Etude forage géothermique;Etude solaire photovoltaïque;Etude solaire thermique,site_web,A,,LIONEL XAVIER PASCAL ROBBE (ROBBE),12,1,69,10,"RGE etudes, email, site, domaine tertiaire, effectif cible",49,CHAUD
06550239500174,BETREC IG - LYON,lyon@betrec.com,04 72 60 00 90,http://www.betrec.com,Tour Part-Dieu - 129 rue Servient - CS63337,69003,LYON,065502395,opqibi,Audit énergétique Maison individuelle; Audit énergétique Logement collectif;Etude ACV;Etude bois énergie;Etude eclairage;Etude forage géothermique;Etude solaire photovoltaïque;Etude système technique bâtiment;Etude thermique reglementaire,,A,,HUGUES GEOGES JACQUES DELHOME,22,1,69,9,"RGE etudes, email, tel, site, domaine tertiaire",199,CHAUD
32178278100173,IPH INGENIERIE LY,lyon@iph-bet.fr,04 81 06 21 80,http://www.iph-bet.fr,"24, avenue Joannès Masset BATIMENT 3",69009,LYON,321782781,opqibi,Audit énergétique Maison individuelle;Audit énergétique Maison individuelle; Audit énergétique Logement collectif;Etude thermique reglementaire,,,,,,1,69,9,"RGE etudes, email, tel, site, domaine tertiaire",0,CHAUD
32312649000057,CHABANNE INGENIERIE,inge@agence-chabanne.fr,04 72 10 95 95,http://www.agence-chabanne.fr,38 quai Pierre Scize,69009,LYON,323126490,opqibi,Commisionnement;Etude ACV;Etude bois énergie;Etude eclairage;Etude enveloppe du bâtiment;Etude forage géothermique;Etude système technique bâtiment;Etude thermique reglementaire,,,,,,1,69,9,"RGE etudes, email, tel, site, domaine tertiaire",0,CHAUD
32422781800022,NERCO,v.mehu@nerco.fr,04 78 66 44 25,http://www.nerco.fr,129 chemin du Moulin Carron BP 168,69132,ECULLY CEDEX,324227818,opqibi,Audit énergétique Maison individuelle; Audit énergétique Logement collectif;Etude solaire photovoltaïque,,,,,,1,69,9,"RGE etudes, email, tel, site, domaine tertiaire",0,CHAUD
32493878600120,TECSOL AURA,agence.ara@tecsol.fr,04 78 29 43 96,http://www.tecsol.fr,"4, rue Saint Sidoine",69003,LYON,324938786,opqibi,Etude solaire photovoltaïque;Etude solaire thermique,,,,,,1,69,9,"RGE etudes, email, tel, site, domaine tertiaire",0,CHAUD
33770031400061,TRIBU LYON,admin.paris@tribu.coop,04 26 03 48 20,http://www.tribu.coop,103 Avenue Maréchal de Saxe,69003,LYON,337700314,opqibi,Etude ACV;Etude enveloppe du bâtiment;Etude solaire photovoltaïque,site_web,,,,,1,69,9,"RGE etudes, email, tel, site, domaine tertiaire",0,CHAUD
34758223100317,URBANIS - LYON,ludovic.chatelain@urbanis.fr,04 72 84 80 80,http://www.urbanis.fr,100-102 ave du Maréchal de Saxe,69003,LYON,347582231,opqibi,Audit énergétique Maison individuelle;Audit énergétique Maison individuelle; Audit énergétique Logement collectif,,,,,,1,69,9,"RGE etudes, email, tel, site, domaine tertiaire",0,CHAUD
38316331800124,ALTO INGÉNIERIE LYON,caroline.mouillot@alto-ingenierie.fr,06 17 34 64 42,http://www.alto-ingenierie.fr,"27, rue Maurice Flandin   Espace coworking MULTIBURO",69003,LYON,383163318,opqibi,Audit énergétique Maison individuelle; Audit énergétique Logement collectif;Commisionnement;Etude ACV;Etude thermique reglementaire,,A,,KEVIN WILLIAM ROLAND MARCHAND,21,1,69,9,"RGE etudes, email, tel, site, domaine tertiaire",99,CHAUD
38381266600220,EODD INGENIEURS CONSEILS,contact@eodd.fr,04 72 76 06 90,http://www.eodd.fr,171/173 rue Léon Blum Centre Léon Blum,69100,VILLEURBANNE,383812666,opqibi,Audit énergétique Maison individuelle; Audit énergétique Logement collectif;Etude ACV;Etude enveloppe du bâtiment;Etude forage géothermique;Etude thermique reglementaire,,,,,,1,69,9,"RGE etudes, email, tel, site, domaine tertiaire",0,CHAUD
38950156000053,KATENE,secretariat@katene.fr,04 37 45 33 33,http://www.katene.coop,"10, avenue des Canuts",69120,VAULX EN VELIN,389501560,opqibi,Etude thermique reglementaire,,A,,THIBAULT FRANCK LOUIS SIMON DENOYELLE,21,1,69,9,"RGE etudes, email, tel, site, domaine tertiaire",99,CHAUD
39241768900818,BUREAU VERITAS SOLUTIONS Lyon,bureauveritas.solutions@bureauveritas.com,09 69 39 10 09,http://www.bureauveritas-solutions.fr,4 Chemin du Tronchon,69410,CHAMPAGNE AU MONT D OR,392417689,opqibi,Audit énergétique Maison individuelle;Audit énergétique Maison individuelle; Audit énergétique Logement collectif;Etude solaire photovoltaïque,,,,,,1,69,9,"RGE etudes, email, tel, site, domaine tertiaire",0,CHAUD
39320673500358,ANTEA FRANCE RILLIEUX (LYON Nord),secretariat.lyon-fr@anteagroup.fr,04 37 85 19 60,http://www.anteagroup.fr,392 Rue des Mercières,69140,RILLIEUX LA PAPE,393206735,opqibi,Audit énergétique Maison individuelle; Audit énergétique Logement collectif;Etude forage géothermique,,,,,,1,69,9,"RGE etudes, email, tel, site, domaine tertiaire",0,CHAUD
39516589700053,CLER INGENIERIE,a.hingrez@cler-ingenierie.fr,04 37 47 80 42,http://www.cler-ingenierie.fr,10 allée Irène Joliot Curie Parc Technologique - Bât. B6,69800,ST PRIEST,395165897,opqibi,Audit énergétique Maison individuelle; Audit énergétique Logement collectif;Etude bois énergie,,,,,,1,69,9,"RGE etudes, email, tel, site, domaine tertiaire",0,CHAUD
39914497100021,ABAC INGENIERIE,contact@abac-ingenierie.fr,04 74 02 72 92,http://www.abac-ingenierie.fr,241 rue Victor Hugo,69400,VILLEFRANCHE SUR SAONE,399144971,opqibi,Etude thermique reglementaire,,,,,,1,69,9,"RGE etudes, email, tel, site, domaine tertiaire",0,CHAUD
40088758400045,PLENETUDE,plenetude@plenetude.fr,04 37 43 36 36,http://www.plenetude.fr,63 avenue Roger Salengro,69100,VILLEURBANNE,400887584,opqtecc,Etude enveloppe du bâtiment,,,,,,1,69,9,"RGE etudes, email, tel, site, domaine tertiaire",0,CHAUD
40150379200384,ARCADIS LYON,lyon@arcadis.com,04 37 42 85 85,http://www.arcadis.com,127 Boulevard Stalingrad,69100,VILLEURBANNE,401503792,opqibi,Audit énergétique Maison individuelle; Audit énergétique Logement collectif,,,,,,1,69,9,"RGE etudes, email, tel, site, domaine tertiaire",0,CHAUD
40361603000140,SARL IDONEIS,contact@idoneis.fr,04 37 69 99 26,http://www.idoneis.fr,28 rue Juliette Récamier,69006,LYON,403616030,opqibi,Etude thermique reglementaire,,,,,,1,69,9,"RGE etudes, email, tel, site, domaine tertiaire",0,CHAUD
40775368000104,SECC RHONE-ALPES,yves.bussutil@secc-france.com,04 78 76 63 31,http://www.secc-france.com,32 rue Jules Valensaut,69008,LYON,407753680,opqibi,Audit énergétique Maison individuelle;Audit énergétique Maison individuelle; Audit énergétique Logement collectif;Etude bois énergie,,,,,,1,69,9,"RGE etudes, email, tel, site, domaine tertiaire",0,CHAUD
42060618800175,TPF INGENIERIE LYON,commercial-ara@tpfi.fr,04 72 13 50 60,http://www.tpf-i.fr,"55, rue de la Villette",69003,LYON,420606188,opqibi,Commisionnement;Etude ACV;Etude bois énergie;Etude eclairage;Etude enveloppe du bâtiment;Etude forage géothermique;Etude solaire photovoltaïque;Etude système technique bâtiment;Etude thermique reglementaire,,,,,,1,69,9,"RGE etudes, email, tel, site, domaine tertiaire",0,CHAUD
42473124800060,ETAMINE,solene.peyragrosse@etamine.coop,04 37 45 34 20,http://www.info@etamine.coop,10 avenue des Canuts,69120,VAULX EN VELIN,424731248,opqibi,Audit énergétique Maison individuelle; Audit énergétique Logement collectif;Etude enveloppe du bâtiment;Etude système technique bâtiment,,,,,,1,69,9,"RGE etudes, email, tel, site, domaine tertiaire",0,CHAUD
42981683800081,SETEC GL INGÉNIERIE - LYON,info@gli.setec.fr,04 78 08 13 51,http://www.setec-gli.fr,97-101 Boulevard Marius Vivier Merle Immeuble Le Corner - CS53324,69003,LYON,429816838,opqibi,Etude thermique reglementaire,,,,,,1,69,9,"RGE etudes, email, tel, site, domaine tertiaire",0,CHAUD
44030617300103,TRIBU ENERGIE LYON,agence.rhone-alpes@tribu-energie.fr,06 35 29 15 63,http://www.tribu-energie.fr,60 rue Jaboulay,69007,LYON,440306173,opqibi,Audit énergétique Maison individuelle; Audit énergétique Logement collectif;Etude ACV;Etude bois énergie;Etude enveloppe du bâtiment;Etude thermique reglementaire,,,,,,1,69,9,"RGE etudes, email, tel, site, domaine tertiaire",0,CHAUD
44040888800038,THERMI FLUIDES 69,contact@thermi-fluides.fr,04 78 67 18 36,http://www.thermi-fluides.fr,"29, rue Johannès Brahms",69740,GENAS,440408888,opqibi,Audit énergétique Maison individuelle; Audit énergétique Logement collectif;Etude thermique reglementaire,,,,,,1,69,9,"RGE etudes, email, tel, site, domaine tertiaire",0,CHAUD
44045917000138,GREENAFFAIR SUD EST,martin.combet@greenaffair.com,06 04 52 11 12,http://www.greenaffair.com,27 rue de la Villette,69003,LYON,440459170,opqibi,Audit énergétique Maison individuelle; Audit énergétique Logement collectif;Etude ACV,,A,,SEBASTIEN GUILLAUME MATRAT,22,1,69,9,"RGE etudes, email, tel, site, domaine tertiaire",199,CHAUD
44135591400504,AC ENVIRONNEMENT RHÔNE,dpo@ac-environnement.com,04 72 00 27 19,http://www.ac-environnement.com,235 rue de l'Etang,69760,LIMONEST,441355914,opqibi,Audit énergétique Maison individuelle;Audit énergétique Maison individuelle; Audit énergétique Logement collectif,site_web,,,,,1,69,9,"RGE etudes, email, tel, site, domaine tertiaire",0,CHAUD
44334839600096,THERMI CLIM,bet@be-thermiclim.fr,09 74 35 41 31,http://www.thermi-clim.com,15 Chemin du Saquin,69130,ECULLY,443348396,opqibi,Audit énergétique Maison individuelle; Audit énergétique Logement collectif;Etude solaire photovoltaïque;Etude thermique reglementaire,,,,,,1,69,9,"RGE etudes, email, tel, site, domaine tertiaire",0,CHAUD
44464953700560,EDEIS LYON,contact.bordeaux@edeis.com,04 78 02 77 44,http://www.edeis.com,63 rue André Bollier,69007,LYON,444649537,opqibi,Etude ACV;Etude eclairage;Etude thermique reglementaire,site_web,,,,,1,69,9,"RGE etudes, email, tel, site, domaine tertiaire",0,CHAUD
44775451600022,GC2E,secretariat.gc2e@ingephil.fr,04 78 54 28 42,http://www.ingephil.fr,17 rue Louis Guérin,69100,VILLEURBANNE,447754516,opqibi,Etude ACV;Etude bois énergie;Etude solaire thermique;Etude thermique reglementaire,,,,,,1,69,9,"RGE etudes, email, tel, site, domaine tertiaire",0,CHAUD
45303634500107,SYNAPSE CONSTRUCTION,synapse.macon@synapse-construction.com,04 78 83 67 55,http://www.synapse-construction.com,"4, chemin du Ruisseau Immeuble Val d'Ecully - Bât B",69130,ECULLY,453036345,opqibi,Audit énergétique Maison individuelle; Audit énergétique Logement collectif;Etude forage géothermique;Etude solaire photovoltaïque,,,,,,1,69,9,"RGE etudes, email, tel, site, domaine tertiaire",0,CHAUD
47944783100054,TW INGENIERIE,contact@tw-ingenierie.com,04 72 34 04 57,http://www.tw-ingenierie.com,73 cours Albert Thomas Bât E,69003,LYON,479447831,opqibi,Etude bois énergie;Etude enveloppe du bâtiment;Etude forage géothermique;Etude solaire photovoltaïque;Etude thermique reglementaire,site_web,,,,,1,69,9,"RGE etudes, email, tel, site, domaine tertiaire",0,CHAUD
47955801700253,ALTEREA AGENCE SUD-EST,contact@alterea.fr,04 87 91 26 15,http://www.alterea.fr,Immeuble Le PANORAMIC 83/85 boulevard Marius Vivier Merle,69003,LYON,479558017,opqibi,Audit énergétique Maison individuelle; Audit énergétique Logement collectif;Commisionnement;Etude bois énergie;Etude forage géothermique;Etude solaire photovoltaïque;Etude solaire thermique;Etude thermique reglementaire,,,,,,1,69,9,"RGE etudes, email, tel, site, domaine tertiaire",0,CHAUD
47998701800112,AD'3E Agence de LYON,info@ad3e.fr,04 78 52 30 26,http://www.ad3e.fr,Le Britannia Tour A 20 Boulevard Eugène Deruelle,69003,LYON,479987018,opqibi,Audit énergétique Maison individuelle; Audit énergétique Logement collectif,,,,,,1,69,9,"RGE etudes, email, tel, site, domaine tertiaire",0,CHAUD
48162485600037,DPS,c.simounet@cabinetdps.fr,04 72 10 07 63,http://www.cabinetdps.com,574 chemin de wette fays IMMEUBLE LES HAUBANS,69300,CALUIRE ET CUIRE,481624856,opqtecc,Etude enveloppe du bâtiment,,,,,,1,69,9,"RGE etudes, email, tel, site, domaine tertiaire",0,CHAUD
48806910500077,NEPSEN Lyon,lyon@nepsen.fr,04 78 37 88 38,http://www.nepsen.fr,2-4 Allée de Lodz,69007,LYON,488069105,opqibi,Audit énergétique Maison individuelle;Audit énergétique Maison individuelle; Audit énergétique Logement collectif;Etude ACV;Etude bois énergie;Etude forage géothermique;Etude solaire photovoltaïque;Etude thermique reglementaire,,,,,,1,69,9,"RGE etudes, email, tel, site, domaine tertiaire",0,CHAUD
48997266100024,BETICS,secretariat@betics.fr,04 78 59 25 69,http://www.betics.fr,Le Parc du Châter - Bât B 63 rue de la Garenne,69340,FRANCHEVILLE,489972661,opqibi,Audit énergétique Maison individuelle; Audit énergétique Logement collectif;Etude solaire thermique;Etude thermique reglementaire,,,,,,1,69,9,"RGE etudes, email, tel, site, domaine tertiaire",0,CHAUD
49297366400047,MILIEU STUDIO,adm@milieu.fr,09 73 88 00 78,http://www.milieu.fr,70 rue Boileau,69006,LYON,492973664,opqibi,Etude ACV;Etude enveloppe du bâtiment,,,,,,1,69,9,"RGE etudes, email, tel, site, domaine tertiaire",0,CHAUD
49405676500055,TERAO LYON,pclement@terao.fr,04 81 68 01 05,http://www.terao.fr,7-9 Rue Juliette Récamier,69006,LYON,494056765,opqibi,Audit énergétique Maison individuelle; Audit énergétique Logement collectif;Etude ACV;Etude thermique reglementaire,,A,,AYMERIC NOVEL,21,1,69,9,"RGE etudes, email, tel, site, domaine tertiaire",99,CHAUD
49460879700069,LYON,contact@brp-conseil.fr,04 28 29 59 88,http://www.brp-conseil.fr,"6, rue Simone de Beauvoir",69007,LYON,494608797,opqibi,Audit énergétique Maison individuelle; Audit énergétique Logement collectif,,,,,,1,69,9,"RGE etudes, email, tel, site, domaine tertiaire",0,CHAUD
49519128000074,AMOES AGENCE RÉGION AUVERGNE RHÔNE ALPES,contact@amoes.com,04 78 77 52 41,http://www.amoes.coop,43 rue des Hérideaux,69008,LYON,495191280,opqibi,Audit énergétique Maison individuelle; Audit énergétique Logement collectif;Commisionnement;Etude ACV;Etude bois énergie;Etude enveloppe du bâtiment;Etude forage géothermique;Etude solaire photovoltaïque;Etude solaire thermique;Etude système technique bâtiment;Etude thermique reglementaire,,,,,,1,69,9,"RGE etudes, email, tel, site, domaine tertiaire",0,CHAUD
49793016400155,EKKOÏA RHÔNE-ALPES,contact@ekkoia.fr,04 72 74 57 47,http://www.ekkoIa.fr,4 rue Maurice Moissonnier,69120,VAULX EN VELIN,497930164,opqibi,Audit énergétique Maison individuelle; Audit énergétique Logement collectif;Etude ACV;Etude enveloppe du bâtiment;Etude thermique reglementaire,,,,,,1,69,9,"RGE etudes, email, tel, site, domaine tertiaire",0,CHAUD
49925306000143,ABM ENERGIE CONSEIL LYON,abmlyon@abmec.fr,04 72 34 99 86,http://www.abmec.fr,41 avenue du Progès,69680,CHASSIEU,499253060,opqibi,Audit énergétique Maison individuelle;Audit énergétique Maison individuelle; Audit énergétique Logement collectif;Etude ACV;Etude thermique reglementaire,,,,,,1,69,9,"RGE etudes, email, tel, site, domaine tertiaire",0,CHAUD
51114734000034,ARKETYPE STUDIO ARCHITECTE,contact@arketypestudio.fr,04 78 68 15 85,https://www.arketypestudio.fr,13 AVENUE DU BATAILLON CARMAGNOLE LIBERTE,69120,VAULX EN VELIN,511147340,cnoa,Audit énergétique Logement collectif;Audit énergétique Maison individuelle,,,,,,1,69,9,"RGE etudes, email, tel, site, domaine tertiaire",0,CHAUD
51152037100051,ENEXCO,contact@enexco.fr,04 30 78 63 30,http://www.enexco.fr,7 rue des Aulnes,69410,CHAMPAGNE AU MONT D OR,511520371,opqibi,Audit énergétique Maison individuelle; Audit énergétique Logement collectif,,,,,,1,69,9,"RGE etudes, email, tel, site, domaine tertiaire",0,CHAUD
51219118000029,EMIOS,stephane.vial@emios.fr,04 72 69 43 96,http://www.emios.fr,72 Avenue de Bölhen,69120,VAULX-EN-VELIN,512191180,opqtecc,Etude enveloppe du bâtiment,,,,,,1,69,9,"RGE etudes, email, tel, site, domaine tertiaire",0,CHAUD
51495524400033,B.E.L. BUREAU D’ETUDES LYONNAIS,remy.digonnet@bel-sas.fr,04 81 76 14 70,http://www.bel-sas.com,6 rue Edison,69500,BRON,514955244,opqibi,Audit énergétique Maison individuelle; Audit énergétique Logement collectif,,,,,,1,69,9,"RGE etudes, email, tel, site, domaine tertiaire",0,CHAUD
52410267000071,HELEXIA DÉVELOPPEMENT LYON,lucie.vallez@helexia.eu,04 72 70 56 50,http://www.helexia.eu,148 avenue Jean Jaurès,69007,LYON,524102670,opqibi,Audit énergétique Maison individuelle; Audit énergétique Logement collectif;Etude forage géothermique,,,,,,1,69,9,"RGE etudes, email, tel, site, domaine tertiaire",0,CHAUD
52935993700024,OPTIMBATI,contact@optimbati.fr,04 26 03 04 93,http://www.optimbati.fr,26 Rue François Garcin,69003,LYON,529359937,opqibi,Audit énergétique Maison individuelle; Audit énergétique Logement collectif,,,,,,1,69,9,"RGE etudes, email, tel, site, domaine tertiaire",0,CHAUD
53805223400050,LYONNAISE DES MANAGEMENT ET D’INGENIERIE (LMI),contact@lmi-lyon.fr,04 82 53 66 71,http://www.lmi-lyon.fr,42 rue Simone Veil,69200,VENISSIEUX,538052234,opqibi,Audit énergétique Maison individuelle; Audit énergétique Logement collectif,,,,,,1,69,9,"RGE etudes, email, tel, site, domaine tertiaire",0,CHAUD
53976254200014,PEGIME,pegime@pegime.fr,04 37 43 35 00,http://www.pegime.fr,63 avenue Roger Salengro,69100,VILLEURBANNE,539762542,opqibi,Audit énergétique Maison individuelle; Audit énergétique Logement collectif,,,,,,1,69,9,"RGE etudes, email, tel, site, domaine tertiaire",0,CHAUD
57202862900085,BERIM VENISSIEUX,berim.venissieux@berim.fr,04 72 50 04 31,http://www.berim.fr,Immeuble Rencontre - 17 place de la Paix,69200,VENISSIEUX,572028629,opqibi,Audit énergétique Maison individuelle; Audit énergétique Logement collectif;Etude bois énergie;Etude eclairage;Etude enveloppe du bâtiment;Etude forage géothermique;Etude solaire photovoltaïque;Etude solaire thermique;Etude système technique bâtiment;Etude thermique reglementaire,,,,,,1,69,9,"RGE etudes, email, tel, site, domaine tertiaire",0,CHAUD
75133885600030,SYSLEM CONTROLE,v.marquet@syslem.fr,04 37 85 50 80,http://www.syslem-controle.fr,36 Avenue des Frères Montgolfier,69680,CHASSIEU,751338856,opqibi,Audit énergétique Maison individuelle; Audit énergétique Logement collectif,,,,,,1,69,9,"RGE etudes, email, tel, site, domaine tertiaire",0,CHAUD
75261889200026,CSA ELEC,mmagno@becsa.fr,04 37 23 03 40,http://www.becsa-group.fr,104A avenue de Chaponnay,69970,CHAPONNAY,752618892,opqibi,Etude eclairage,,,,,,1,69,9,"RGE etudes, email, tel, site, domaine tertiaire",0,CHAUD
75325130500045,EREMES,a.michat@eremes.fr,04 78 93 15 76,http://www.eremes.fr,24 Bis rue de l’Egalité,69740,GENAS,753251305,opqibi,Audit énergétique Maison individuelle; Audit énergétique Logement collectif;Etude système technique bâtiment,,,,,,1,69,9,"RGE etudes, email, tel, site, domaine tertiaire",0,CHAUD
77990426700035,CABINET DENIZOU,cbt.denizou@denizou.fr,04 78 84 44 71,http://www.denizou.fr,1 rue Docteur Pierre Fleury Papillon,69100,VILLEURBANNE,779904267,opqtecc,Etude enveloppe du bâtiment,,,,,,1,69,9,"RGE etudes, email, tel, site, domaine tertiaire",0,CHAUD
79359111600025,BATIR POSITIF,contact@batirpositif.com,09 88 41 50 88,http://www.batirpositif.com,7 rue des Maraichers,69120,VAULX EN VELIN,793591116,opqibi,Audit énergétique Maison individuelle; Audit énergétique Logement collectif,,,,,,1,69,9,"RGE etudes, email, tel, site, domaine tertiaire",0,CHAUD
79924634300054,AMSTEIN + WALTHERT,contact@amstein-walthert.fr,04 78 95 29 69,http://www.amstein-walthert.ch/fr,200 avenue Jean Jaurès,69007,LYON,799246343,opqibi,Audit énergétique Maison individuelle; Audit énergétique Logement collectif;Etude bois énergie;Etude forage géothermique;Etude thermique reglementaire,,,,,,1,69,9,"RGE etudes, email, tel, site, domaine tertiaire",0,CHAUD
80449272600059,Eqinov - Agence de Lyon,Contact.france@acciona.com,04 78 05 93 15,http://www.solutions.acciona-energia.fr,"Immeuble Le Forum - 33, Rue Maurice Flandin",69003,LYON,804492726,opqibi,Audit énergétique Maison individuelle; Audit énergétique Logement collectif;Commisionnement,,A,,GRANT THORNTON,21,1,69,9,"RGE etudes, email, tel, site, domaine tertiaire",99,CHAUD
80918448400024,OR-ARCHITECTE,contact@or-architecte.fr,06 95 20 27 64,https://www.or-architecte.fr/,66 RUE DES SORNINS,69790,ST IGNY DE VERS,809184484,cnoa,Audit énergétique Logement collectif;Audit énergétique Maison individuelle,,,,,,1,69,9,"RGE etudes, email, tel, site, domaine tertiaire",0,CHAUD
81187742200022,DU*DSIGN INTERIOR ARCHITECTURE DESIGN,contact@dudsign.com,06 51 76 09 14,http://www.dudsign.com,831 ROUTE DE RIVE DE GIER,69560,STE COLOMBE,811877422,cnoa,Audit énergétique Logement collectif;Audit énergétique Maison individuelle,,,,,,1,69,9,"RGE etudes, email, tel, site, domaine tertiaire",0,CHAUD
81225289800026,SOCA INGENIERIE,contact@soca-ingenierie.fr,04 28 29 01 00,http://www.soca-ingenierie.fr,12 B rue Professeur Depéret Les Bureaux Verts,69160,TASSIN LA DEMI LUNE,812252898,opqibi,Etude thermique reglementaire,,,,,,1,69,9,"RGE etudes, email, tel, site, domaine tertiaire",0,CHAUD
82387405200017,KAMI ARCHITECTURE,vmaleron@kamiarchitecture.fr,06 27 11 64 27,https://www.kamiarchitecture.fr,84 RUE DE LA REPUBLIQUE,69150,DECINES CHARPIEU,823874052,cnoa,Audit énergétique Logement collectif;Audit énergétique Maison individuelle,,,,,,1,69,9,"RGE etudes, email, tel, site, domaine tertiaire",0,CHAUD
82431710100031,ASSIST EnR,contact@assistenr.fr,04 65 84 00 20,http://www.assistenr.fr,4 rue de la République,69001,LYON,824317101,opqibi,Etude solaire photovoltaïque;Etude solaire thermique,,,,,,1,69,9,"RGE etudes, email, tel, site, domaine tertiaire",0,CHAUD
82776914200031,ENERSHIP,admin@enership.eu,04 28 00 18 58,http://www.enership.eu,"46, quai Perrache",69002,LYON,827769142,opqibi,Audit énergétique Maison individuelle; Audit énergétique Logement collectif,,,,,,1,69,9,"RGE etudes, email, tel, site, domaine tertiaire",0,CHAUD
82828796100027,CUR-A,fjaramillo@cur-a.fr,06 26 71 48 28,https://www.cur-a.fr,"67 RUE DES CONTAMINES, BATIMENT B",69270,ROCHETAILLEE SUR SAONE,828287961,cnoa,Audit énergétique Logement collectif;Audit énergétique Maison individuelle,,,,,,1,69,9,"RGE etudes, email, tel, site, domaine tertiaire",0,CHAUD
83772953200023,CETEAM,contact@ceteam.eu,06 49 29 06 81,http://www.ceteam.eu,Batiment ENRJ - 15 rue Marcel Pagnol,69200,VENISSIEUX,837729532,opqibi,Etude thermique reglementaire,,,,,,1,69,9,"RGE etudes, email, tel, site, domaine tertiaire",0,CHAUD
84367054800059,SYMBIEAU TECH,sophie.moreau@symbieau-tech.com,04 78 86 04 09,http://www.symbieautech.fr,2 Rue Serpaton,69440,MORNANT,843670548,opqibi,Etude bois énergie;Etude système technique bâtiment,,,,,,1,69,9,"RGE etudes, email, tel, site, domaine tertiaire",0,CHAUD
86680035200035,AIA INGÉNIERIE LYON,aia.ingenierie.lyon@a-i-a.fr,04 72 18 02 40,http://www.aialifedesigners.fr,20 rue Lortet,69007,LYON,866800352,opqibi,Etude eclairage;Etude système technique bâtiment,,,,,,1,69,9,"RGE etudes, email, tel, site, domaine tertiaire",0,CHAUD
87805356000040,OPERA EFFICIENCIES,lucas.narciso@opera-energie.com,07 65 16 15 13,http://www.opera-energie.com,27 Rue de la Villette,69003,LYON,878053560,opqibi,Audit énergétique Maison individuelle; Audit énergétique Logement collectif;Etude thermique reglementaire,,,,,,1,69,9,"RGE etudes, email, tel, site, domaine tertiaire",0,CHAUD
87891392000038,ENERPLUS Nr+,contact@enerplus.fr,07 64 27 84 49,http://www.enerplus.fr,15 rue Jarente,69002,LYON,878913920,opqibi,Audit énergétique Maison individuelle;Audit énergétique Maison individuelle; Audit énergétique Logement collectif,,,,,,1,69,9,"RGE etudes, email, tel, site, domaine tertiaire",0,CHAUD
88292846800041,LA MEDIOSPHERE,bienvenue@lamediosphere.fr,04 81 06 00 20,http://www.lamediosphere.fr,4 rue Victor Lagrange,69007,LYON,882928468,opqibi,Audit énergétique Maison individuelle; Audit énergétique Logement collectif;Commisionnement;Etude forage géothermique;Etude thermique reglementaire,,,,,,1,69,9,"RGE etudes, email, tel, site, domaine tertiaire",0,CHAUD
88501625300019,ARCH'EPLUS,f.dutko@archeplus.fr,06 99 79 07 55,http://www.archeplus.fr,"10 A, CHEMIN DE LA SAPEURAILLE RESIDENCE VERT ECRIN",69450,ST CYR AU MONT D OR,885016253,cnoa,Audit énergétique Logement collectif;Audit énergétique Maison individuelle,,,,,,1,69,9,"RGE etudes, email, tel, site, domaine tertiaire",0,CHAUD
89113969300016,BCS INGENIERIE THERMIQUE,stewyalliel@ingenierie-bcs.com,07 67 23 67 30,http://www.ingenierie-bcs.com,833 Route du Puy d’Or,69760,LIMONEST,891139693,opqibi,Audit énergétique Maison individuelle;Audit énergétique Maison individuelle; Audit énergétique Logement collectif,,,,,,1,69,9,"RGE etudes, email, tel, site, domaine tertiaire",0,CHAUD
89238003100237,DALKIA ELECTROTECHNICS Saint Priest,smeynier@citelum.fr,04 78 78 81 10,http://www.dalkiaelectrotechnics.fr,1 rue Galilée,69800,ST PRIEST,892380031,opqibi,Etude eclairage,,,,,,1,69,9,"RGE etudes, email, tel, site, domaine tertiaire",0,CHAUD
89806736800016,VIBRATIONS ARCHITECTURES,vibrarchi@gmail.com,06 77 00 61 63,https://www.vibrationsarchitectures.fr,53 COURS TOLSTOI,69100,VILLEURBANNE,898067368,cnoa,Audit énergétique Logement collectif;Audit énergétique Maison individuelle,,,,,,1,69,9,"RGE etudes, email, tel, site, domaine tertiaire",0,CHAUD
89809813200019,LOUVE ARCHITECTURE,contact@louve-architecture.com,06 43 25 84 00,https://louve-architecture.com/,9 RUE BELFORT,69004,LYON,898098132,cnoa,Audit énergétique Logement collectif;Audit énergétique Maison individuelle,,,,,,1,69,9,"RGE etudes, email, tel, site, domaine tertiaire",0,CHAUD
89853283300032,ITHAQUE Auvergne Rhône Alpes,villeurbanne@ithaque-renovation.fr,04 28 29 98 78,http://www.ithaque-renovation.fr,31 CRS Emile Zola,69100,VILLEURBANNE,898532833,opqibi,Audit énergétique Maison individuelle;Audit énergétique Maison individuelle; Audit énergétique Logement collectif,,,,,,1,69,9,"RGE etudes, email, tel, site, domaine tertiaire",0,CHAUD
90288685200018,SAS AUFAY,m.pecqueur@aufay.fr,06 67 86 90 03,http://www.aufay.fr,168 Cours Lafayette,69003,LYON,902886852,opqibi,Audit énergétique Maison individuelle; Audit énergétique Logement collectif,,,,,,1,69,9,"RGE etudes, email, tel, site, domaine tertiaire",0,CHAUD
90378215900060,AMO CONSEILS LYON,contact@amo-conseils.com,07 49 97 43 64,http://www.amo-conseils.com,128 rue Bossuet,69006,LYON,903782159,opqibi,Audit énergétique Maison individuelle; Audit énergétique Logement collectif;Etude eclairage;Etude forage géothermique,,,,,,1,69,9,"RGE etudes, email, tel, site, domaine tertiaire",0,CHAUD
90749616000058,SODEBA-GINKO-VILLEURBANNE,contact@sodeba-groupe.com,01 78 09 62 01,http://www.groupe-sodeba.com,70 Cours Tolstoï,69100,VILLEURBANNE,907496160,opqibi,Audit énergétique Maison individuelle; Audit énergétique Logement collectif;Etude ACV;Etude eclairage;Etude enveloppe du bâtiment;Etude thermique reglementaire,,,,,,1,69,9,"RGE etudes, email, tel, site, domaine tertiaire",0,CHAUD
91093845500029,2MO INGENIERIE SAS,contact@2mo.tech,04 81 06 17 77,http://www.2mo.tech,30 Quai Perrache,69002,LYON,910938455,opqibi,Audit énergétique Maison individuelle; Audit énergétique Logement collectif;Etude bois énergie;Etude forage géothermique,,,,,,1,69,9,"RGE etudes, email, tel, site, domaine tertiaire",0,CHAUD
91405925800014,DPSV,contact@groupeingenieriedps.fr,04 72 10 07 63,http://www.thermiquedpsv.com,"574, Chemin de Wette Fays Immeuble les Haubans",69300,CALUIRE ET CUIRE,914059258,opqibi,Audit énergétique Maison individuelle; Audit énergétique Logement collectif,,,,,,1,69,9,"RGE etudes, email, tel, site, domaine tertiaire",0,CHAUD
91923736200026,ENERGYZ,contact@energyz.fr,07 61 15 96 60,http://www.energyz.fr,1 rue Louis et Marie-Louise Baumer,69120,VAULX EN VELIN,919237362,opqibi,Audit énergétique Maison individuelle; Audit énergétique Logement collectif,,,,,,1,69,9,"RGE etudes, email, tel, site, domaine tertiaire",0,CHAUD
92256947000011,HML PRO CONSULT,hml.pro.consult@gmail.com,06 84 82 75 66,http://www.hml-pro-consult.fr,"2, rue Antoine Coysevox",69001,LYON,922569470,opqibi,Audit énergétique Maison individuelle;Audit énergétique Maison individuelle; Audit énergétique Logement collectif,,,,,,1,69,9,"RGE etudes, email, tel, site, domaine tertiaire",0,CHAUD
92261595000016,DEGRE F,contact@degre-f.fr,06 35 66 02 95,http://www.degre-f.fr,"12, chemin de la Charrière du Puits",69650,QUINCIEUX,922615950,opqibi,Audit énergétique Maison individuelle;Audit énergétique Maison individuelle; Audit énergétique Logement collectif,,,,,,1,69,9,"RGE etudes, email, tel, site, domaine tertiaire",0,CHAUD
92851880200014,HENKA ARCHITECTURE,contact@henka-architecture.com,06 81 56 71 69,https://henka-architecture.com/,12 MONTEE DE LA RUE,69970,CHAPONNAY,928518802,cnoa,Audit énergétique Logement collectif;Audit énergétique Maison individuelle,,,,,,1,69,9,"RGE etudes, email, tel, site, domaine tertiaire",0,CHAUD
93017235800010,ASSET INGENIERIE,admin@asset-ingenierie.com,06 78 25 88 30,http://www.asset-ingenierie.com,"108, rue Moncet",69003,LYON,930172358,opqibi,Audit énergétique Maison individuelle; Audit énergétique Logement collectif,,,,,,1,69,9,"RGE etudes, email, tel, site, domaine tertiaire",0,CHAUD
93780440900012,INSPIRE,inspire@inspire-env.fr,04 78 66 48 50,http://gd-air.fr/le-groupe/inspire-environnement/,411 Allée des Noisettiers,69760,LIMONEST,937804409,opqibi,Etude ACV,,,,,,1,69,9,"RGE etudes, email, tel, site, domaine tertiaire",0,CHAUD
94171816500017,Colonnelle Ingénierie,as.vermare@colonnelle-ingenierie.fr,06 66 36 92 75,http://www.colonnelle-ingenierie.fr,113 Impasse de l'Aubépin,69490,ST FORGEUX,941718165,opqibi,Audit énergétique Maison individuelle; Audit énergétique Logement collectif,,,,,,1,69,9,"RGE etudes, email, tel, site, domaine tertiaire",0,CHAUD
94244323500018,BatiVO,contact@bativo.fr,07 51 24 05 46,http://www.bativo.fr,120 bis rue émile zola,69150,DECINES CHARPIEU,942443235,opqibi,Audit énergétique Maison individuelle;Audit énergétique Maison individuelle; Audit énergétique Logement collectif,,,,,,1,69,9,"RGE etudes, email, tel, site, domaine tertiaire",0,CHAUD
95287564900016,ENERGIE & CONSEILS,energiconseils@gmail.com,07 45 07 93 18,http://www.energie2conseils.fr,141 Allée de Riottier Le Sorbier,69400,LIMAS,952875649,opqibi,Audit énergétique Maison individuelle;Audit énergétique Maison individuelle; Audit énergétique Logement collectif,,,,,,1,69,9,"RGE etudes, email, tel, site, domaine tertiaire",0,CHAUD
96050506300144,EGIS BATIMENTS RHONE ALPES,julie.cordin@egis-group.com,04 37 72 40 50,http://www.egis.fr,170 avenue Thiers Immeuble Carat - CS 50120,69455,LYON CEDEX 06,960505063,opqibi,Etude eclairage,,A,,VALERIE CHRISTIANE JACQUELINE GALLET (PERCHE),21,1,69,9,"RGE etudes, email, tel, site, domaine tertiaire",99,CHAUD
98131202800013,SAJ ARCHITECTES,alsouche@sajarchitectes.com,07 62 08 93 12,https://www.sajarchitectes.fr/,20 CHEMIN DU BOIS ROUX,69300,CALUIRE ET CUIRE,981312028,cnoa,Audit énergétique Logement collectif;Audit énergétique Maison individuelle,,,,,,1,69,9,"RGE etudes, email, tel, site, domaine tertiaire",0,CHAUD
98290155500028,OPTIRENO,direction@optireno.fr,06 52 28 44 07,http://www.optireno.fr,28 Rue George Sand,69100,VILLEURBANNE,982901555,opqibi,Audit énergétique Maison individuelle;Audit énergétique Maison individuelle; Audit énergétique Logement collectif;Etude eclairage;Etude système technique bâtiment,,,,,,1,69,9,"RGE etudes, email, tel, site, domaine tertiaire",0,CHAUD
75051040600010,A AU CARRE ARCHITECTE,gl@a-au-carre.fr,06 75 53 64 87,https://www.a-au-carre.fr,14 TER MONTEE DU VERNAY,69300,CALUIRE ET CUIRE,750510406,cnoa,Audit énergétique Maison individuelle,,A,,GAELLE MARIE LARMINAY (PAQUE),01,1,69,9,"RGE etudes, email, tel, site, effectif cible",2,CHAUD
80763291400048,PROXI-CONTROLES,contact@proxicontroles.fr,04 72 70 70 73,http://www.proxicontroles.fr,129 rue Challemel Lacour,69008,LYON,807632914,opqibi,Audit énergétique Maison individuelle,,A,,JV GROUP,02,1,69,9,"RGE etudes, email, tel, site, effectif cible",5,CHAUD
82212699100022,HAVEaPLAN,c.dirocco@haveaplan.fr,06 77 92 19 94,http://www.haveaplan.fr,44 avenue Paul Kuger,69100,VILLEURBANNE,822126991,opqibi,Audit énergétique Maison individuelle,,A,,CAMILLE ANNE-SOPHIE CLEA DI ROCCO,01,1,69,9,"RGE etudes, email, tel, site, effectif cible",2,CHAUD
83971436700035,ARKHE & CO,contact@arkhe-co.fr,06 60 30 28 48,https://www.arkhe-co.fr,39 RUE DE LA REPUBLIQUE,69600,OULLINS,839714367,cnoa,Audit énergétique Maison individuelle,,A,,TRAVIS HEPBURN,02,1,69,9,"RGE etudes, email, tel, site, effectif cible",5,CHAUD
31878481600080,TERRE ECO,secretariat@terre-eco.com,,https://www.terre-eco.com/,129 RUE SERVIENT TOUR DE LA PART DIEU,69003,LYON,318784816,afnor,Audit énergétique Maison individuelle; Audit énergétique Logement collectif,,,,,,1,69,8,"RGE etudes, email, site, domaine tertiaire",0,CHAUD
31908193100051,NICOLAS INGENIERIES (BET Nicolas),direction@be-nicolas.com,04 78 66 65 90,,181 chemin du Rafour,69570,DARDILLY,319081931,opqibi,Etude ACV;Etude bois énergie;Etude eclairage;Etude enveloppe du bâtiment;Etude forage géothermique;Etude solaire thermique;Etude système technique bâtiment;Etude thermique reglementaire,,,,,,1,69,8,"RGE etudes, email, tel, domaine tertiaire",0,CHAUD
33833520100103,ENERGIE ET SERVICE LYON,contact.lyon@energieetservice.fr,,https://energieetservice.fr/,3 PLACE PIERRE RENAUDE,69003,LYON,338335201,afnor,Audit énergétique Maison individuelle; Audit énergétique Logement collectif,,,,,,1,69,8,"RGE etudes, email, site, domaine tertiaire",0,CHAUD
42454196900046,SIRADEX,anne-lise@siradex.fr,04 37 45 00 39,,115 rue Gustave Eiffel ZAC des Gaulnes,69330,MEYZIEU,424541969,opqibi,Audit énergétique Maison individuelle; Audit énergétique Logement collectif,,,,,,1,69,8,"RGE etudes, email, tel, domaine tertiaire",0,CHAUD
43399443100032,BET VIDALAT,contact.bet@vidalat.fr,04 78 44 96 62,,3 square Averroès,69009,LYON,433994431,opqibi,Audit énergétique Maison individuelle;Audit énergétique Maison individuelle; Audit énergétique Logement collectif,,,,,,1,69,8,"RGE etudes, email, tel, domaine tertiaire",0,CHAUD
48748157400084,NRGYS,contact@nrgys.fr,,http://www.nrgys.fr,117 Allée des Parcs,69800,ST PRIEST,487481574,opqibi,Audit énergétique Maison individuelle;Audit énergétique Maison individuelle; Audit énergétique Logement collectif;Etude ACV;Etude bois énergie;Etude solaire photovoltaïque;Etude thermique reglementaire,site_web,,,,,1,69,8,"RGE etudes, email, site, domaine tertiaire",0,CHAUD
48962613500383,INGEROP CI - LYON,ingerop@ingerop.com,,http://www.ingerop.com,21 bd Pompidou - le Danica,69003,LYON,489626135,opqibi,Etude eclairage;Etude système technique bâtiment,site_web,,,,,1,69,8,"RGE etudes, email, site, domaine tertiaire",0,CHAUD
49227563100082,LesEnR (VIZEA) Agence de Lyon Sud-Est,contact@vizea.fr,,http://www.vizea.fr,6 rue du Professeur Zimmermann,69007,LYON,492275631,opqibi,Etude ACV;Etude thermique reglementaire,site_web,,,,,1,69,8,"RGE etudes, email, site, domaine tertiaire",0,CHAUD
50503704400888,ADX GROUPE,contact@adx-groupe.com,,https://www.adx-groupe.com/,8 CHEMIN DES TARDS VENUS,69530,BRIGNAIS,505037044,afnor,Audit énergétique Maison individuelle; Audit énergétique Logement collectif,,,,,,1,69,8,"RGE etudes, email, site, domaine tertiaire",0,CHAUD
52045479400022,HELAIR INGENIERIE,contact@helair.fr,04 74 89 53 72,,8 rue du 8 mai 1945,69550,AMPLEPUIS,520454794,opqibi,Audit énergétique Maison individuelle; Audit énergétique Logement collectif;Etude bois énergie;Etude système technique bâtiment;Etude thermique reglementaire,,,,,,1,69,8,"RGE etudes, email, tel, domaine tertiaire",0,CHAUD
53041474700077,ENEOR SUD EST,contact@eneor.com,,http://www.eneor.com,184 cours Lafayette Bâtiment Le Laser,69003,LYON,530414747,opqibi,Audit énergétique Maison individuelle; Audit énergétique Logement collectif;Commisionnement;Etude forage géothermique;Etude solaire photovoltaïque;Etude solaire thermique,,,,,,1,69,8,"RGE etudes, email, site, domaine tertiaire",0,CHAUD
53227788600042,OID CONSULTING,yolene.boillot@oid-consultants.com,,https://oid-consultants.com/,6 C COURS BAYARD,69002,LYON,532277886,afnor,Audit énergétique Maison individuelle; Audit énergétique Logement collectif,,,,,,1,69,8,"RGE etudes, email, site, domaine tertiaire",0,CHAUD
53535490600047,7PARTNERS,contact@epsa.com,,https://www.epsa.com/,62 RUE DE BONNEL  CEDEX 03,69448,LYON,535354906,afnor,Audit énergétique Maison individuelle; Audit énergétique Logement collectif,,,,,,1,69,8,"RGE etudes, email, site, domaine tertiaire",0,CHAUD
55208131767884,EDF - DCR AURA LYON,christina.bratsa@edf.fr,,https://www.edf.fr/entreprises/transition-energetique/optimiser-votre-performance-energetique/accompagnement-audit-energetique,196 AVENUE THIERS,69461,LYON CEDEX 06,552081317,afnor,Audit énergétique Maison individuelle; Audit énergétique Logement collectif,,,,,,1,69,8,"RGE etudes, email, site, domaine tertiaire",0,CHAUD
68204149600394,ELAN  LYON,jl.bernard@elan-france.com,,http://www.elan-france.com,"Bâtiment Sky 56 - 18, rue du Général Mouton Duvernet.",69003,LYON,682041496,opqibi,Audit énergétique Maison individuelle; Audit énergétique Logement collectif;Etude thermique reglementaire,,,,,,1,69,8,"RGE etudes, email, site, domaine tertiaire",0,CHAUD
79922282300061,ERESE,contact@erese.fr,,http://www.erese.fr,26 Avenue René Cassin,69009,LYON,799222823,opqibi,Audit énergétique Maison individuelle;Audit énergétique Maison individuelle; Audit énergétique Logement collectif;Etude bois énergie;Etude solaire thermique,,A,,PASCAL LEFEVRE,21,1,69,8,"RGE etudes, email, site, domaine tertiaire",99,CHAUD
80845283300029,ADVIZEO - Agence de Lyon,contact@advizeo.io,,https://www.advizeo.io/,97 BOULEVARD MARIUS VIVIER MERLE 97-101-IMMEUBLE LE CORNER,69003,LYON,808452833,afnor,Audit énergétique Maison individuelle; Audit énergétique Logement collectif,,,,,,1,69,8,"RGE etudes, email, site, domaine tertiaire",0,CHAUD
81772575700048,EMCON ENGINEERING,contact@emcon.fr,06 67 34 38 57,,18 quai Jean Moulin,69002,LYON,817725757,opqibi,Etude thermique reglementaire,,,,,,1,69,8,"RGE etudes, email, tel, domaine tertiaire",0,CHAUD
81843497900022,C.D.E.I.,contact@cdei-diagnostic.com,,https://www.cdei-diagnostic.fr/,501 ROUTE DE LENTILLY  LOT 3 LES HAUTS DU JANGOT,69380,CHESSY,818434979,afnor,Audit énergétique Maison individuelle; Audit énergétique Logement collectif,,,,,,1,69,8,"RGE etudes, email, site, domaine tertiaire",0,CHAUD
88362082500017,LUXURIANCE CONSEIL,contact@luxuriance-conseil.com,04 28 29 97 82,,"11, rue Félix MANGINI",69009,LYON,883620825,opqibi,Etude ACV;Etude enveloppe du bâtiment;Etude thermique reglementaire,,A,,LAURENA CAZEAUX,NN,1,69,8,"RGE etudes, email, tel, domaine tertiaire",0,CHAUD
88446886900018,ETIC ENERGY,o.salah@etic-energy.com,,https://etic-energy.com/,20 RUE DES MIMOSAS,69330,MEYZIEU,884468869,afnor,Audit énergétique Maison individuelle; Audit énergétique Logement collectif,,,,,,1,69,8,"RGE etudes, email, site, domaine tertiaire",0,CHAUD
89531081100016,FITT,t.delannoy@fitt-solutions.io,07 66 74 65 24,,90 rue Commandant Charcot,69005,LYON,895310811,opqibi,Audit énergétique Maison individuelle; Audit énergétique Logement collectif,,,,,,1,69,8,"RGE etudes, email, tel, domaine tertiaire",0,CHAUD
90972424700079,SEVAIA LYON,contact@sevaia.eu,,http://www.sevaia.eu,27 rue Maurice Flandin,69003,LYON,909724247,opqibi,Audit énergétique Maison individuelle; Audit énergétique Logement collectif,,,,,,1,69,8,"RGE etudes, email, site, domaine tertiaire",0,CHAUD
91347922600015,ENERGY PERFORMANCE,outmane@energyperformance.fr,,https://energyperformance.fr/,91 A RUE JACQUARD,69120,VAULX-EN-VELIN,913479226,afnor,Audit énergétique Maison individuelle; Audit énergétique Logement collectif,,,,,,1,69,8,"RGE etudes, email, site, domaine tertiaire",0,CHAUD
92176252200032,AUDIT ECO,contact@audit-eco.fr,,https://audit-eco.fr/,45 RUE SAINTE GENEVIEVE IMMEUBLE LE POLARIS,69006,LYON,921762522,afnor,Audit énergétique Maison individuelle; Audit énergétique Logement collectif,,,,,,1,69,8,"RGE etudes, email, site, domaine tertiaire",0,CHAUD
92506120200014,ENERLUX,contact.enerlux@gmail.com,06 67 77 39 61,,91 A  rue Jacquard,69120,VAULX EN VELIN,925061202,opqibi,Etude eclairage,,,,,,1,69,8,"RGE etudes, email, tel, domaine tertiaire",0,CHAUD
93086918500015,CALDE,a.derouet@bureau-calde.com,06 59 30 55 65,,14 rue Fenelon,69006,Lyon,930869185,opqibi,Audit énergétique Maison individuelle; Audit énergétique Logement collectif,,,,,,1,69,8,"RGE etudes, email, tel, domaine tertiaire",0,CHAUD
93771463200015,Green Process Innovation,jeremy.t@greenprocessinnovation.Fr,06 24 17 48 01,,2 rue Louis et Marie-Louise Baumer,69120,VAULX EN VELIN,937714632,opqibi,Etude système technique bâtiment,,,,,,1,69,8,"RGE etudes, email, tel, domaine tertiaire",0,CHAUD
94986232000015,TRAME D’ENERGIE,simonadragosch.energie@yahoo.com,06 23 43 66 73,,81 rue du Pensionnat,69003,LYON,949862320,opqibi,Audit énergétique Maison individuelle;Audit énergétique Maison individuelle; Audit énergétique Logement collectif,,,,,,1,69,8,"RGE etudes, email, tel, domaine tertiaire",0,CHAUD
95140704800010,COP’ENR,secretariat.copeenr@gmail.com,06 65 35 43 00,,2 rue Coysevox,69001,LYON,951407048,opqibi,Audit énergétique Maison individuelle; Audit énergétique Logement collectif,,,,,,1,69,8,"RGE etudes, email, tel, domaine tertiaire",0,CHAUD
97868568300010,TH INSPECTION,contact@th-inspection.fr,06 88 49 09 24,,"4, avenue Joannes Hubert",69160,TASSIN LA DEMI LUNE,978685683,opqibi,Audit énergétique Maison individuelle; Audit énergétique Logement collectif,,,,,,1,69,8,"RGE etudes, email, tel, domaine tertiaire",0,CHAUD
98112772300022,IKUMA INGENIERIE,edern.juin@ikuma.coop,07 44 91 39 15,,195 avenue de Pressensé,69200,VENISSIEUX,981127723,opqibi,Audit énergétique Maison individuelle; Audit énergétique Logement collectif;Etude forage géothermique;Etude solaire photovoltaïque;Etude solaire thermique,,,,,,1,69,8,"RGE etudes, email, tel, domaine tertiaire",0,CHAUD
98190634000014,AV-ARCHITECTE,agnes.viard@av-architecte.net,06 15 34 03 33,,28 AVENUE FELIX FAURE,69007,LYON,981906340,cnoa,Audit énergétique Logement collectif;Audit énergétique Maison individuelle,,,,,,1,69,8,"RGE etudes, email, tel, domaine tertiaire",0,CHAUD
98273216600011,CNAE,contact@cnae.fr,06 23 73 32 05,,56 rue du 4 Août 1789,69100,VILLEURBANNE,982732166,opqibi,Audit énergétique Maison individuelle;Audit énergétique Maison individuelle; Audit énergétique Logement collectif,,,,,,1,69,8,"RGE etudes, email, tel, domaine tertiaire",0,CHAUD
52908018600065,Builders and Partners - Lyon,dpo@vertical-sea.com,,http://www.vertical-sea.com,64 avenue Leclerc,69007,LYON,529080186,opqibi,Audit énergétique Maison individuelle; Audit énergétique Logement collectif;Etude forage géothermique,site_web,,,,,1,69,8,"RGE etudes, email, site, domaine tertiaire",0,CHAUD
68200822200049,BURGEAP - LYON,burgeap.international@groupeginger.com.Our,,http://www.ginger-burgeap.com,19 rue de la Villette,69003,LYON,682008222,opqibi,Audit énergétique Maison individuelle; Audit énergétique Logement collectif;Etude forage géothermique,site_web,,,,,1,69,8,"RGE etudes, email, site, domaine tertiaire",0,CHAUD
78912054000057,EPCO ENERGIES - Lyon,be@epco-energies.fr,,http://www.epco-energies.fr,33 quai Arloing La Ciergerie,69009,LYON,789120540,opqibi,Audit énergétique Maison individuelle; Audit énergétique Logement collectif;Commisionnement;Etude bois énergie;Etude forage géothermique;Etude système technique bâtiment,site_web,,,,,1,69,8,"RGE etudes, email, site, domaine tertiaire",0,CHAUD
89414876600187,HELLIO INGENIERIE LYON,contact@hellio.com,,http://www.hellio.com,20 Boulevard Eugène Deruelle,69003,LYON,894148766,opqibi,Audit énergétique Maison individuelle,site_web,A,,HELLIO SOLUTIONS,11,1,69,8,"RGE etudes, email, site, effectif cible",19,CHAUD
10629971200013,ATELIER 13-A,julienberkovic@gmail.com,06 07 53 13 75,https://www.atelier13-a.com,9 CHEMIN DES ONDINES,69290,GREZIEU LA VARENNE,106299712,cnoa,Audit énergétique Maison individuelle,,,,,,1,69,7,"RGE etudes, email, tel, site",0,TIEDE
30247604900036,SOLIHA - SOLIDAIRES POUR L'HABITAT - RHONE ET GRAND LYON,administratif.69@soliha.fr,04 37 28 70 20,http://www.rhonegrandlyon.soliha.fr,51 AVENUE JEAN JAURES,69007,LYON,302476049,qualibat,Audit énergétique Maison individuelle,,,,,,1,69,7,"RGE etudes, email, tel, site",0,TIEDE
31924273100408,NALDEO,ingenierie.conseil@naldeo.com,04 72 91 83 70,http://www.naldeo.com,222 cours Lafayette,69003,LYON,319242731,opqibi,Etude bois énergie,,A,,JEROME LOUIS TEISSIER,22,1,69,7,"RGE etudes, email, tel, site",199,TIEDE
32342034900090,SCOPING SUD EST,,04 82 53 49 60,http://www.scoping.fr,5 avenue Marcel Cerdan,69100,VILLEURBANNE,323420349,opqibi,Audit énergétique Maison individuelle; Audit énergétique Logement collectif;Etude ACV;Etude thermique reglementaire,,,,,,1,69,7,"RGE etudes, tel, site, domaine tertiaire",0,TIEDE
32858182200165,MANERGY CENTRE EST - LYON,,04 78 26 25 36,http://www.manergy.fr,259 rue Marcel Mérieux,69007,LYON,328581822,opqibi,Audit énergétique Maison individuelle;Audit énergétique Maison individuelle; Audit énergétique Logement collectif;Etude bois énergie;Etude forage géothermique;Etude solaire photovoltaïque;Etude solaire thermique,,,,,,1,69,7,"RGE etudes, tel, site, domaine tertiaire",0,TIEDE
34508145900439,SCE AGENCE LYON,,04 72 81 98 10,http://www.sce.fr,Immeuble Organdi - 4ème étage 1 Esplanade Miriam Makeba,69100,VILLEURBANNE,345081459,opqibi,Etude solaire photovoltaïque,,,,,,1,69,7,"RGE etudes, tel, site, domaine tertiaire",0,TIEDE
38423488600057,BARBANEL LYON,,04 78 53 34 72,http://www.barbanel.fr,Le Britannia - Bat. C - 20 bd Eugène Deruelle,69003,LYON,384234886,opqibi,Etude ACV;Etude eclairage;Etude forage géothermique;Etude solaire photovoltaïque;Etude système technique bâtiment;Etude thermique reglementaire,,,,,,1,69,7,"RGE etudes, tel, site, domaine tertiaire",0,TIEDE
39324779600047,THEL- E.T.B,ncolevray@thel-etb.fr,04 72 84 72 60,http://www.thel-etb-ingenierie.fr,Le Capitole 97 Cours Gambetta,69003,LYON,393247796,opqibi,Etude bois énergie,,,,,,1,69,7,"RGE etudes, email, tel, site",0,TIEDE
40028404800032,DLAA GILLET LEVY ARCHITECTES,contact@detry-levy.eu,04 72 29 13 72,https://dlaa.archi/,12 RUE DUMONT,69004,LYON,400284048,cnoa,Audit énergétique Maison individuelle,,,,,,1,69,7,"RGE etudes, email, tel, site",0,TIEDE
40225042700182,INDDIGO LYON,,04 95 09 31 00,http://www.inddigo.com,3 rue de Genève,69006,LYON,402250427,opqibi,Audit énergétique Maison individuelle; Audit énergétique Logement collectif;Commisionnement;Etude ACV;Etude bois énergie;Etude eclairage;Etude enveloppe du bâtiment;Etude forage géothermique;Etude solaire photovoltaïque;Etude solaire thermique;Etude système technique bâtiment;Etude thermique reglementaire,,,,,,1,69,7,"RGE etudes, tel, site, domaine tertiaire",0,TIEDE
41082489000207,QIOS LYON,,04 78 14 53 28,http://www.qios.fr,23 rue Crepet,69007,LYON,410824890,opqibi,Audit énergétique Maison individuelle;Audit énergétique Maison individuelle; Audit énergétique Logement collectif,,,,,,1,69,7,"RGE etudes, tel, site, domaine tertiaire",0,TIEDE
41205745700043,INGEVALOR,ingevalor.ecully@ingevalor.com,04 72 18 95 50,http://www.ingevalor.com,26 chemin de la Forestière,69130,ECULLY,412057457,opqibi,Etude bois énergie,,,,,,1,69,7,"RGE etudes, email, tel, site",0,TIEDE
41893586200197,AGENCE DE LYON,,04 37 49 64 60,http://www.citae.fr,62 Chemin de la Bruyère - 2ème étage- Immeuble le Vernal,69570,DARDILLY,418935862,opqibi,Audit énergétique Maison individuelle; Audit énergétique Logement collectif;Etude eclairage;Etude thermique reglementaire,,,,,,1,69,7,"RGE etudes, tel, site, domaine tertiaire",0,TIEDE
43859591000037,CAMBIUMS,atelier@cambiums.com,06 77 97 48 71,http://www.cambiums.com/,247 CH DE FONTANIERES,69350,LA MULATIERE,438595910,cnoa,Audit énergétique Maison individuelle,,,,,,1,69,7,"RGE etudes, email, tel, site",0,TIEDE
45203593400028,JULIEN-LAFERRIERE & ASSOCIES,contact@architectureetbois.com,04 72 57 88 76,https://www.architectureetbois.com/,23 RUE DES MACCHABEES,69005,LYON,452035934,cnoa,Audit énergétique Maison individuelle,,,,,,1,69,7,"RGE etudes, email, tel, site",0,TIEDE
47975096000144,SOCOTEC SMART SOLUTIONS - ASCAUDIT GROUPE LYON,contact@socotecsmartsolutions.fr,,,11 rue Saint Maximin,69003,LYON,479750960,opqibi,Audit énergétique Maison individuelle; Audit énergétique Logement collectif;Etude bois énergie;Etude enveloppe du bâtiment;Etude forage géothermique;Etude thermique reglementaire,,,,,,1,69,7,"RGE etudes, email, domaine tertiaire",0,TIEDE
49278153900027,ACTIBE,contact@actibe.fr,04 78 45 53 29,http://www.actibe.fr,ZA des Andres 100 C rue Pré Magne,69126,BRINDAS,492781539,opqibi,Etude bois énergie,,,,,,1,69,7,"RGE etudes, email, tel, site",0,TIEDE
50338845600033,NOUVELLE SOCIETE DU BATIMENT,contact@nsdb.fr,06 14 34 40 65,http://www.nsdb.fr,20 Quai de Pierre-Scize,69009,LYON,503388456,opqibi,Audit énergétique Maison individuelle,,A,,DAVID BONNET,NN,1,69,7,"RGE etudes, email, tel, site",0,TIEDE
50856327700013,CHAPELLET CAROLINE,caroline.chapellet@live.fr,06 31 74 80 68,http://www.insituarchi.com/,30 ROUTE DE CHARLY,69230,ST GENIS LAVAL,508563277,cnoa,Audit énergétique Maison individuelle,,,,,,1,69,7,"RGE etudes, email, tel, site",0,TIEDE
50859441300041,AGENCE RHONE MEDITERRANEE,lyon@geother-gengis.fr,04 81 68 25 19,http://www.geother.fr,"5, rue des Essarts",69500,BRON,508594413,opqibi,Etude forage géothermique,,,,,,1,69,7,"RGE etudes, email, tel, site",0,TIEDE
51143768300028,CLAUDIA MONNARD / ECONO LOGIS,claudia.monnard@yahoo.fr,06 62 04 30 48,http://www.econo-logis.fr,41 rue des Jasmins,69008,LYON,511437683,opqibi,Audit énergétique Maison individuelle,,,,,,1,69,7,"RGE etudes, email, tel, site",0,TIEDE
51214337100049,MAIA ENERGIE,technique-geo@maia-energie.fr,06 19 05 44 06,http://www.maia-energie.groupe-maia.com,"1, rue de l’Antiquaille",69005,LYON,512143371,opqibi,Etude forage géothermique,,,,,,1,69,7,"RGE etudes, email, tel, site",0,TIEDE
51303466000037,SEBASTIEN CHOULET ARCHITECTURE INGENIERIE,contact@choulet-architecte.fr,04 74 70 28 00,https://www.choulet-architecte.fr,LES AUBERGES  BP 3,69770,LONGESSAIGNE,513034660,cnoa,Audit énergétique Maison individuelle,,,,,,1,69,7,"RGE etudes, email, tel, site",0,TIEDE
51503530100032,AIRIAL ARCHITECTURES,gestion@airial-architectures.fr,04 72 33 18 31,http://www.airial-architectures.fr/,14 RUE MARTIN,69003,LYON,515035301,cnoa,Audit énergétique Maison individuelle,,,,,,1,69,7,"RGE etudes, email, tel, site",0,TIEDE
51818764600030,BOUTEFEU THOMAS,thomas.boutefeu@architectes.org,06 68 07 70 99,https://www.thomasboutefeu.archi,128 AVENUE THIERS,69006,LYON,518187646,cnoa,Audit énergétique Maison individuelle,,,,,,1,69,7,"RGE etudes, email, tel, site",0,TIEDE
53780930300028,MARIANO CLAUDE,claude.mariano@gmail.com,06 11 43 07 33,https://www.genesearchitectures.com/,73 RUE JEAN JAURES,69100,VILLEURBANNE,537809303,cnoa,Audit énergétique Maison individuelle,,,,,,1,69,7,"RGE etudes, email, tel, site",0,TIEDE
54202182900875,SAFEGE SAS LYON,,04 72 19 89 70,http://www.safege.com,"Bâtiment Universaône - 18, rue Félix Mangini",69009,LYON,542021829,opqibi,Etude forage géothermique;Etude solaire photovoltaïque,,,,,,1,69,7,"RGE etudes, tel, site, domaine tertiaire",0,TIEDE
58262156100783,FONDASOL - AGENCE DE LYON,lyon@fondasol.fr,04 72 37 68 88,http://www.fondasol.fr,"106, avenue Franklin Roosevelt",69120,VAULX EN VELIN,582621561,opqibi,Etude forage géothermique,,,,,,1,69,7,"RGE etudes, email, tel, site",0,TIEDE
75146731700036,EIKLA,administratif@eikla.fr,04 72 48 61 82,http://www.eikla.fr,"37, rue Saint-Simon BATIMENT A03",69009,LYON,751467317,opqibi,Etude bois énergie;Etude forage géothermique,,,,,,1,69,7,"RGE etudes, email, tel, site",0,TIEDE
79044474900101,BETEM,betem@betem.fr,05 61 26 27 28,http://www.betem.fr,133 Boulevard de Stalingrad,69100,VILLEURBANNE,790444749,opqibi,Etude forage géothermique,,,,,,1,69,7,"RGE etudes, email, tel, site",0,TIEDE
79177669300065,ICEA,florian.barrau@icea-web.com,06 87 19 75 91,http://www.icea-web.com,"280, Allée du Vallon du Ruisseau",69760,LIMONEST,791776693,opqibi,Etude forage géothermique,,,,,,1,69,7,"RGE etudes, email, tel, site",0,TIEDE
79237491000026,NEW GROUND,contact@srarchitecte.com,06 18 32 89 99,http://www.srarchitecte.com,16 RUE CUVIER,69006,LYON,792374910,cnoa,Audit énergétique Maison individuelle,,,,,,1,69,7,"RGE etudes, email, tel, site",0,TIEDE
79240760300036,BEES ARCHITECTES,atelier@bees-architectes.fr,09 52 98 64 34,https://www.bees-architectes.com/,1 AVENUE LECLERC,69007,LYON,792407603,cnoa,Audit énergétique Maison individuelle,,,,,,1,69,7,"RGE etudes, email, tel, site",0,TIEDE
80097134300028,BE&CO,clement.daval@be-co.fr,04 78 33 90 74,http://www.be-co.fr,7 IMPASSE CHARASSIN,69210,L'ARBRESLE,800971343,qualibat,Audit énergétique Maison individuelle,,,,,,1,69,7,"RGE etudes, email, tel, site",0,TIEDE
81524309200039,L ATELIER BLEU,contact@latelierbleu.fr,06 30 92 82 52,https://www.architectes-pour-tous.fr/architectes-p,400 RUE DES MONTGERAUDS,69840,CENVES,815243092,cnoa,Audit énergétique Maison individuelle,,A,,GUY PATRICK FERRANDEZ,NN,1,69,7,"RGE etudes, email, tel, site",0,TIEDE
82190221000029,E2O ENERGIE,contact@e2o-energie.fr,06 22 37 02 03,http://www.e2o-energie.fr,22 ROUTE DE POLEYMIEUX,69270,COUZON-AU-MONT-D'OR,821902210,qualibat,Audit énergétique Maison individuelle,,A,,LAURENT PATRICE BAHU,NN,1,69,7,"RGE etudes, email, tel, site",0,TIEDE
82297111500024,EKA,agence@eka-architecture.fr,06 27 32 67 88,https://www.eka-architecture.fr/,4 RUE DE L'ANNONCIADE,69001,LYON,822971115,cnoa,Audit énergétique Maison individuelle,,,,,,1,69,7,"RGE etudes, email, tel, site",0,TIEDE
82955338700046,ELEYS LYON,contact@eleys.fr,04 72 33 20 17,http://www.eleys.fr,173 route de Genas,69100,VILLEURBANNE,829553387,opqibi,Audit énergétique Maison individuelle,,,,,,1,69,7,"RGE etudes, email, tel, site",0,TIEDE
83337878900121,ACTIERRA Lyon,cecile.macherey@actierra.com,,,23 Avenue Georges Pompidou,69003,LYON,833378789,opqibi,Commisionnement;Etude ACV;Etude thermique reglementaire,,,,,,1,69,7,"RGE etudes, email, domaine tertiaire",0,TIEDE
84309881500023,ARCHIMEET,s.duchene@archimeet.fr,06 33 56 45 94,http://archimeet.fr/,979 CHEMIN DE LA ROSSIGNOLE,69390,VERNAISON,843098815,cnoa,Audit énergétique Maison individuelle,,,,,,1,69,7,"RGE etudes, email, tel, site",0,TIEDE
87988263700017,BASA,julie.klein@basa-architecture.fr,06 63 26 97 78,https://www.basa-architecture.fr,20 RUE DUMONT,69004,LYON,879882637,cnoa,Audit énergétique Maison individuelle,,,,,,1,69,7,"RGE etudes, email, tel, site",0,TIEDE
88008565900030,GABRIEL THOMAS ARCHITECTURE,contact@gabrielthomas.fr,07 60 02 14 32,https://www.gabrielthomas.fr,5 RUE VILLEROY,69003,LYON,880085659,cnoa,Audit énergétique Maison individuelle,,,,,,1,69,7,"RGE etudes, email, tel, site",0,TIEDE
88328101600039,PARRY Pablo Léo,parry.pablo@gmail.com,06 44 29 86 58,http://www.co-simplexite.fr,27 rue Pierre Brunier,69300,CALUIRE ET CUIRE,883281016,opqibi,Audit énergétique Maison individuelle,,,,,,1,69,7,"RGE etudes, email, tel, site",0,TIEDE
88395598100039,S.H.A,solutionenergie373@gmail.com,06 50 18 07 17,http://france-audit-pro.com,12 rue de la Part Dieu,69003,LYON,883955981,opqibi,Audit énergétique Maison individuelle,,,,,,1,69,7,"RGE etudes, email, tel, site",0,TIEDE
88768323300027,YMSK ARCHITECTURE ET INTERIEURS,elsalerocheleuil@gmail.com,06 64 23 47 05,https://www.ymsk-architecture-et-interieurs.fr/,2 RUE PIERRE DUPONT,69450,ST CYR AU MONT D OR,887683233,cnoa,Audit énergétique Maison individuelle,,,,,,1,69,7,"RGE etudes, email, tel, site",0,TIEDE
89455008600025,SAS Les Pilliers du Bâtiment Architecte DE,m.b@lespiliersdubatiment.fr,06 25 04 27 13,http://www.lespiliersdubatiment.fr,85 rue de Thizy,69400,VILLEFRANCHE SUR SAONE,894550086,opqibi,Audit énergétique Maison individuelle,,,,,,1,69,7,"RGE etudes, email, tel, site",0,TIEDE
89781412500018,DUPOND-BRAILLON ARCHITECTES,contact@dba.archi,07 86 38 50 83,http://www.dba.archi,12 RUE DUNOIR,69003,LYON,897814125,cnoa,Audit énergétique Maison individuelle,,,,,,1,69,7,"RGE etudes, email, tel, site",0,TIEDE
89899114600041,GEOTHERMAQ LYON,a.godard@geothermaq.com,06 64 36 82 65,http://www.geothermaq.com,Chemin du Moulin Carron,69570,DARDILLY,898991146,opqibi,Etude forage géothermique,,,,,,1,69,7,"RGE etudes, email, tel, site",0,TIEDE
91457198900013,BIR ARCHITECTURE,namebilgi@birlechik-archi.fr,06 75 67 16 34,https://www.namebilgi.fr/,20 RUE ETIENNE MORILLON,69440,MORNANT,914571989,cnoa,Audit énergétique Maison individuelle,,,,,,1,69,7,"RGE etudes, email, tel, site",0,TIEDE
91801546200024,ODITUP,florian.favero@oditup.com,06 98 70 21 56,http://www.oditup.com,37 RUE PAUL DUVIVIER,69007,LYON,918015462,qualibat,Audit énergétique Maison individuelle,,,,,,1,69,7,"RGE etudes, email, tel, site",0,TIEDE
91882792400013,JLI AUDIT,direction@jli-audit.fr,06 11 80 06 59,http://www.jli-audit.fr,"4, avenue Damichon",69290,CRAPONNE,918827924,opqibi,Audit énergétique Maison individuelle,,,,,,1,69,7,"RGE etudes, email, tel, site",0,TIEDE
93087269200015,CUMAN CORENTIN,corentincuman@gmail.com,06 27 74 43 71,http://ccuman-architecte.com,7 RUE DU COLONEL SEBBANE,69600,OULLINS,930872692,cnoa,Audit énergétique Maison individuelle,,,,,,1,69,7,"RGE etudes, email, tel, site",0,TIEDE
93221784700015,ILAVIA ETUDES,direction@ilavia-etudes.fr,06 69 43 44 15,http://www.ilavia-etudes.fr,"69, rue Neuve",69330,PUSIGNAN,932217847,opqibi,Audit énergétique Maison individuelle,,,,,,1,69,7,"RGE etudes, email, tel, site",0,TIEDE
93922063800018,SAS EFFICIENCE RENOV,lois.montagne@efficience-renov.fr,07 85 59 62 23,http://www.efficience-renov.fr,715 Chemin de l'Orjolle,69610,AVEIZE,939220638,opqibi,Audit énergétique Maison individuelle,,,,,,1,69,7,"RGE etudes, email, tel, site",0,TIEDE
94910343600018,AHOY ARCHITECTES,contact@ahoyarchitectes.fr,07 83 41 81 01,http://www.ahoyarchitectes.fr,29 COURS TOLSTOI,69100,VILLEURBANNE,949103436,cnoa,Audit énergétique Maison individuelle,,,,,,1,69,7,"RGE etudes, email, tel, site",0,TIEDE
98158327100011,FLUNOVA,contact@flunova.com,07 54 32 42 89,http://www.flunova.com,"64, rue Waldeck Rousseau",69006,LYON,981583271,opqibi,Audit énergétique Maison individuelle,,A,,ANTOINE BASSI,NN,1,69,7,"RGE etudes, email, tel, site",0,TIEDE
98231336300011,AR2O CONCEPT,orichard@ar2o-concept.fr,06 77 30 63 16,http://www.ar2o-concept.fr,"18, route du Pont de chêne",69340,FRANCHEVILLE,982313363,opqibi,Audit énergétique Maison individuelle,,A,,OLIVIER RICHARD,NN,1,69,7,"RGE etudes, email, tel, site",0,TIEDE
35390528400025,BRUNET NOEL,noelbrunet.archi@free.fr,04 72 35 08 08,,1 BIS RUE JEANNE D'ARC,69003,LYON,353905284,cnoa,Audit énergétique Maison individuelle,,A,,NOEL LOUIS BRUNET,NN,1,69,6,"RGE etudes, email, tel",0,TIEDE
37914552700089,EGIS CONSEIL - LYON,,,http://www.egis-conseil.fr,"168-170, avenue Thiers",69006,LYON,379145527,opqibi,Audit énergétique Maison individuelle; Audit énergétique Logement collectif;Commisionnement,,,,,,1,69,6,"RGE etudes, site, domaine tertiaire",0,TIEDE
39320673500820,ANTEA FRANCE SEREZIN (LYON Sud),,,http://www.anteagroup.fr,6 rue de l’Ozon CS68091,69360,SEREZIN du RHONE,393206735,opqibi,Audit énergétique Maison individuelle; Audit énergétique Logement collectif;Etude forage géothermique,,,,,,1,69,6,"RGE etudes, site, domaine tertiaire",0,TIEDE
39827157700262,TAUW LYON,info@tauw.com,,http://www.tauw.fr,91 bd du Parc d’artillerie,69007,LYON,398271577,opqibi,Etude forage géothermique,site_web,,,,,1,69,6,"RGE etudes, email, site",0,TIEDE
40268724800037,JERIA CACERES CLAUDIA,contact@hopla.archi,,http://www.hopla.archi,259 RUE DES ERABLES,69009,LYON,402687248,cnoa,Audit énergétique Maison individuelle,,,,,,1,69,6,"RGE etudes, email, site",0,TIEDE
40324425400021,ATELIER D'ARCHITECTURE - ARTECH,d.beltran@archi-artech.fr,04 74 62 02 82,,134 RUE D'ALMA,69400,VILLEFRANCHE SUR SAONE,403244254,cnoa,Audit énergétique Maison individuelle,,,,,,1,69,6,"RGE etudes, email, tel",0,TIEDE
41082947700166,OXALIS TROISIEME FLEUVE,,,http://www.quiplusest.coop,10 avenue des Canuts,69120,VAULX EN VELIN,410829477,opqibi,Audit énergétique Maison individuelle;Audit énergétique Maison individuelle; Audit énergétique Logement collectif;Etude bois énergie;Etude solaire photovoltaïque;Etude thermique reglementaire,,,,,,1,69,6,"RGE etudes, site, domaine tertiaire",0,TIEDE
41082947700232,OXALIS OXAMYNE,,,http://www.quiplusest.coop,1 rue du Luizet,69100,VILLEURBANNE,410829477,opqibi,Audit énergétique Maison individuelle;Audit énergétique Maison individuelle; Audit énergétique Logement collectif;Etude bois énergie;Etude solaire photovoltaïque;Etude thermique reglementaire,,,,,,1,69,6,"RGE etudes, site, domaine tertiaire",0,TIEDE
43234462000047,DALEME-GENDRE AMANDINE,adalemearchi@gmail.com,06 63 41 47 28,,11 RUE JOSEPH BRISSAUD,69780,MIONS,432344620,cnoa,Audit énergétique Maison individuelle,,,,,,1,69,6,"RGE etudes, email, tel",0,TIEDE
44000178200158,Beming ARA,,,http://www.beming.fr,39B rue de Marseille,69007,LYON,440001782,opqibi,Audit énergétique Maison individuelle; Audit énergétique Logement collectif;Etude ACV;Etude enveloppe du bâtiment,,A,,STEPHANE DAHAN,21,1,69,6,"RGE etudes, site, domaine tertiaire",99,TIEDE
44477108300102,ROZO LYON,,,http://www.rozo.fr,75 cours Emile Zola,69100,VILLEURBANNE,444771083,opqibi,Audit énergétique Maison individuelle; Audit énergétique Logement collectif,,,,,,1,69,6,"RGE etudes, site, domaine tertiaire",0,TIEDE
47791348700229,E'NERGYS LYON,,,http://www.e-nergys.com/,4 quai des Étroits,69005,LYON,477913487,opqibi,Audit énergétique Maison individuelle; Audit énergétique Logement collectif;Commisionnement;Etude ACV;Etude bois énergie;Etude enveloppe du bâtiment;Etude forage géothermique;Etude solaire photovoltaïque;Etude système technique bâtiment;Etude thermique reglementaire,,,,,,1,69,6,"RGE etudes, site, domaine tertiaire",0,TIEDE
49362529700020,V SAILLARD.ARCHI,contact@vsaillard-archi.com,09 72 38 01 84,,28 CHEMIN DE BOUTARY,69300,CALUIRE ET CUIRE,493625297,cnoa,Audit énergétique Maison individuelle,,,,,,1,69,6,"RGE etudes, email, tel",0,TIEDE
50873451400039,BC2 ARCHITECTE,atelier@bc2atelier.Fr,07 60 22 42 32,,52 RUE PRESIDENT EDOUARD HERRIOT,69002,LYON,508734514,cnoa,Audit énergétique Maison individuelle,,,,,,1,69,6,"RGE etudes, email, tel",0,TIEDE
51373102600011,ATELIER R. MASSENA,ryasmina1@aol.com,06 45 26 82 33,,70 RUE MASSENA,69006,LYON,513731026,cnoa,Audit énergétique Maison individuelle,,,,,,1,69,6,"RGE etudes, email, tel",0,TIEDE
51526808400040,ANDRE SARAH,22heures22@gmail.com,,https://www.sarahandre.fr,133 C COURS ALBERT THOMAS,69003,LYON,515268084,cnoa,Audit énergétique Maison individuelle,,,,,,1,69,6,"RGE etudes, email, site",0,TIEDE
51962816800063,GENERGIES ANTILLES GUYANE (LYON),,,http://www.genergies.odoo.com/,27 rue Romarin,69001,LYON,519628168,opqibi,Etude solaire photovoltaïque,,,,,,1,69,6,"RGE etudes, site, domaine tertiaire",0,TIEDE
53479121500039,HILAIRE HUTTER NOEMIE,bonjour.hilaire@gmail.com,,https://www.bonjour-architecture.fr/,1255 ROUTE DE LA VALLEE,69380,CHATILLON D'AZERGUES,534791215,cnoa,Audit énergétique Maison individuelle,,,,,,1,69,6,"RGE etudes, email, site",0,TIEDE
53496963900010,RGN ARCHITECTE,RGn.architecte@architectes.org,07 86 21 35 07,,42 CHEMIN DU MOULIN CARRON,69130,ECULLY,534969639,cnoa,Audit énergétique Maison individuelle,,,,,,1,69,6,"RGE etudes, email, tel",0,TIEDE
79110490400051,DUBOEUF SOPHIE,s.duboeuf@topologyarchitecte.com,,https://www.topologyarchitecte.com,373 ROUTE DE MONTROTTIER,69490,ANCY,791104904,cnoa,Audit énergétique Maison individuelle,,,,,,1,69,6,"RGE etudes, email, site",0,TIEDE
79876638200021,DELAISTRE SARAH,delaistre@yahoo.fr,06 11 72 61 97,,9 RUE JOSEPHIN SOULARY,69004,LYON,798766382,cnoa,Audit énergétique Maison individuelle,,,,,,1,69,6,"RGE etudes, email, tel",0,TIEDE
80444858700712,QUARDINA LYON,,,http://www.quardina.fr,12 rue Léopha,69780,MIONS,804448587,opqibi,Audit énergétique Maison individuelle;Audit énergétique Maison individuelle; Audit énergétique Logement collectif,,,,,,1,69,6,"RGE etudes, site, domaine tertiaire",0,TIEDE
81177698800040,FAIVRE ENGUERRAN,enguerranf@gmail.com,,http://architecture-ef.com/,127 COURS EMILE ZOLA,69100,VILLEURBANNE,811776988,cnoa,Audit énergétique Maison individuelle,,,,,,1,69,6,"RGE etudes, email, site",0,TIEDE
82365676400011,GLORIA,a.mai@gloria-architecture.com,06 76 14 30 17,,31 QUAI JEAN JACQUES ROUSSEAU,69350,LA MULATIERE,823656764,cnoa,Audit énergétique Maison individuelle,,,,,,1,69,6,"RGE etudes, email, tel",0,TIEDE
84287817500020,SPASSOVA KRISTINA,kristina.spassova@gmail.com,,https://www.kristina-spassova-architecte.com,61 RUE ROCHON,69270,COUZON AU MONT D OR,842878175,cnoa,Audit énergétique Maison individuelle,,,,,,1,69,6,"RGE etudes, email, site",0,TIEDE
85315781600010,AJ TRAVAUX IMMO,ajtravauximmo@outlook.fr,04 72 02 19 40,,92 avenue Jean Jaurès,69150,DECINES CHARPIEU,853157816,opqibi,Audit énergétique Maison individuelle,,,,,,1,69,6,"RGE etudes, email, tel",0,TIEDE
88008272200021,SYSTRA FRANCE agence de Lyon,,,http://www.systra.com,120 rue Massena,69006,LYON,880082722,opqibi,Etude eclairage;Etude solaire photovoltaïque,,,,,,1,69,6,"RGE etudes, site, domaine tertiaire",0,TIEDE
89031048500010,SINKA,benjaminkrief@sinka.fr,06 43 00 76 51,,2 RUE JEAN JAURES,69100,VILLEURBANNE,890310485,cnoa,Audit énergétique Maison individuelle,,,,,,1,69,6,"RGE etudes, email, tel",0,TIEDE
89228108000010,SOPHIE MOREL ARCHITECTE,sophie.morel@architectes.org,06 19 17 04 90,,22 RUE DE LA QUARANTAINE,69005,LYON,892281080,cnoa,Audit énergétique Maison individuelle,,,,,,1,69,6,"RGE etudes, email, tel",0,TIEDE
89238003100401,DALKIA ELECTROTECHNICS Cours,,,http://www.dalkiaelectrotechnics.fr,RUE DE CHAUFFAILLES,69470,COURS,892380031,opqibi,Etude eclairage,,,,,,1,69,6,"RGE etudes, site, domaine tertiaire",0,TIEDE
89238003100526,DALKIA ELECTROTECHNICS Saint-Priest,,,http://www.dalkiaelectrotechnics.fr,151 impasse de la Balme,69800,ST PRIEST,892380031,opqibi,Etude eclairage,,,,,,1,69,6,"RGE etudes, site, domaine tertiaire",0,TIEDE
91346480600011,ASSEMBLAGES ARCHITECTURE,c.despretz@assemblages-architecture.fr,06 72 29 12 21,,21 RUE PROFESSEUR WEILL,69006,LYON,913464806,cnoa,Audit énergétique Maison individuelle,,,,,,1,69,6,"RGE etudes, email, tel",0,TIEDE
91807795900024,DPE ENERGIE,y.amaide@hotmail.fr,06 66 83 92 42,,15 avenue Louis de Broglie,69360,ST SYMPHORIEN D OZON,918077959,opqibi,Audit énergétique Maison individuelle,,,,,,1,69,6,"RGE etudes, email, tel",0,TIEDE
91980491400019,THOMAS BLAS REA ARCHITECTURE,thomas.blas@tbrarchitecture.fr,06 58 87 51 72,,267 RUE VENDOME,69003,LYON,919804914,cnoa,Audit énergétique Maison individuelle,,,,,,1,69,6,"RGE etudes, email, tel",0,TIEDE
92874743500016,BELLEMAIN bureau d’études,contact@bellemain-bet.fr,06 15 16 97 89,,"2, Chemin du Pilat",69110,STE FOY LES LYON,928747435,opqibi,Audit énergétique Maison individuelle,,,,,,1,69,6,"RGE etudes, email, tel",0,TIEDE
93008465200013,SASU CONSEILS AMO,conseils.amo@gmail.com,07 43 50 54 93,,12 RUE DE LA PART DIEU LE RIZE,69003,LYON,930084652,cnoa,Audit énergétique Maison individuelle,,,,,,1,69,6,"RGE etudes, email, tel",0,TIEDE
93143125800017,BUILDING PROJECT MANAGEMENT,hafid@bpm-france.com,06 82 61 85 75,,85 rue François Giraud,69400,VILLEFRANCHE SUR SAONE,931431258,opqibi,Audit énergétique Maison individuelle,,,,,,1,69,6,"RGE etudes, email, tel",0,TIEDE
93427944900011,MR CONSEIL,mrconseil26@gmail.com,06 51 15 61 63,,71 RUE FRANCIS DE PRESSENSE,69100,VILLEURBANNE,934279449,opqibi,Audit énergétique Maison individuelle,,,,,,1,69,6,"RGE etudes, email, tel",0,TIEDE
94318008300017,RIMA,sdubail@rima.archi,06 81 85 03 70,,173 IMPASSE DE LA VIGNE,69550,AMPLEPUIS,943180083,cnoa,Audit énergétique Maison individuelle,,,,,,1,69,6,"RGE etudes, email, tel",0,TIEDE
94434094200019,HICHAM LAGHA,hichemlagha@hotmail.com,06 03 76 00 12,,40B cours Richard Vitton,69003,LYON,944340942,opqibi,Audit énergétique Maison individuelle,,,,,,1,69,6,"RGE etudes, email, tel",0,TIEDE
94817318200023,AUDIT MRE,auditmre212@gmail.com,06 58 97 63 81,,5 avenue Lionel Terray,69330,MEYZIEU,948173182,opqibi,Audit énergétique Maison individuelle,,,,,,1,69,6,"RGE etudes, email, tel",0,TIEDE
94959106900024,CAP TRAVAUX CONDRIEU,odette.frering@cap-travaux.fr,,http://www.cap-travaux.fr,15 Rue des Granges,69420,CONDRIEU,949591069,opqibi,Audit énergétique Maison individuelle,,A,,AUDE MARIE JULIE BRESSON,NN,1,69,6,"RGE etudes, email, site",0,TIEDE
63204414500134,SEGATAvergne Rhône Alpes,benjaminpelissie@segat.fr,,http://www.segat.fr,15 rue des Cuirassiers,69003,LYON,632044145,opqibi,Audit énergétique Maison individuelle,site_web,,,,,1,69,6,"RGE etudes, email, site",0,TIEDE
91000673300125,MUTTA,contact@mutta.fr,,http://www.mutta.fr,23 RUE CREPET,69007,LYON,910006733,opqibi,Audit énergétique Maison individuelle,site_web,,,,,1,69,6,"RGE etudes, email, site",0,TIEDE
84187545300026,HICHE SCHWARZHAUPT CAMILO,c.hiche@radius-dessin.fr,,,99 RUE JEAN SARRAZIN,69008,LYON,841875453,cnoa,Audit énergétique Maison individuelle,,,,,,1,69,5,"RGE etudes, email",0,A QUALIFIER
87796071600018,COURGNEAU CECILE,cecilecourgneau@gmail.com,,,15 RUE DE LA PART DIEU,69003,LYON,877960716,cnoa,Audit énergétique Maison individuelle,,,,,,1,69,5,"RGE etudes, email",0,A QUALIFIER
87826037100199,VCSP Bâtiment France - établissement Centre-Est,,,,34-36 rue Antoine Primat,69100,VILLEURBANNE,878260371,opqibi,Etude ACV;Etude thermique reglementaire,,,,,,1,69,5,"RGE etudes, domaine tertiaire",0,A QUALIFIER
94318008300025,RIMA,vbonin@rima.archi,,,6 RUE D'IVRY,69004,LYON,943180083,cnoa,Audit énergétique Maison individuelle,,,,,,1,69,5,"RGE etudes, email",0,A QUALIFIER
98794760300013,EDU SILVIA,silvia.edu@laposte.net,,,10 RUE PIERRE SONNERAT,69008,LYON,987947603,cnoa,Audit énergétique Maison individuelle,,,,,,1,69,5,"RGE etudes, email",0,A QUALIFIER
49338967000149,EGIS Lyon,,,http://egis-group.com,170 avenue Thiers Immeuble Le Carat,69006,LYON,493389670,opqibi,Etude forage géothermique,,,,,,1,69,4,"RGE etudes, site",0,A QUALIFIER
82161597800110,EV CALUIRE,,,http://www.elcimai.com,23 avenue de Poumeyrol,69300,CALUIRE ET CUIRE,821615978,opqibi,Etude bois énergie,,A,,OLIVIER PHILIPPE,22,1,69,4,"RGE etudes, site",199,A QUALIFIER
69202105800056,CELSIUS ENERGY - Agence de LYON,,,,3 rue de Genève,69006,LYON,692021058,opqibi,Etude forage géothermique,,,,,,1,69,3,RGE etudes,0,A QUALIFIER
77877008100082,OTE INGENIERIE LYON,ote.direction@ote.fr,04 78 82 82 82,http://www.ote-ingenierie.com,Le Brittania - Bâtiment A - 20 Bd Eugène Deruelle,69003,LYON,778770081,opqibi,Etude eclairage;Etude forage géothermique;Etude solaire photovoltaïque;Etude thermique reglementaire,site_web,A,,THIERRY CHRIST,32,1,69,9,"RGE etudes, email, tel, site, domaine tertiaire",499,HORS CIBLE
33832946900237,OTEIS ST PRIEST,contact@oteis.fr,04 72 79 34 10,http://www.oteis.fr,53 rue Jean Zay,69800,ST PRIEST,338329469,opqibi,Audit énergétique Maison individuelle; Audit énergétique Logement collectif;Etude ACV;Etude bois énergie;Etude eclairage;Etude enveloppe du bâtiment;Etude forage géothermique;Etude solaire photovoltaïque;Etude système technique bâtiment;Etude thermique reglementaire,site_web,A,,RAFI KOUYOUMDJIAN,41,1,69,9,"RGE etudes, email, tel, site, domaine tertiaire",999,HORS CIBLE
38510637200092,PATRIARCHE - AGENCE DE LYON,info@patriarche.fr,04 37 70 98 70,http://www.patriarche.fr,200 avenue Jean Jaurès,69007,LYON,385106372,opqibi,Audit énergétique Maison individuelle; Audit énergétique Logement collectif;Etude ACV;Etude eclairage;Etude solaire photovoltaïque;Etude système technique bâtiment;Etude thermique reglementaire,,A,,DAMIEN PATRIARCHE,32,1,69,9,"RGE etudes, email, tel, site, domaine tertiaire",499,HORS CIBLE
50028663800431,ACCEO LYON,exemple@email.fr,,http://www.acceo.eu,Le Campus L'Australien - 18 Chemin des Cuers,69570,DARDILLY,500286638,opqibi,Audit énergétique Maison individuelle; Audit énergétique Logement collectif;Etude solaire photovoltaïque,site_web,A,,DELOITTE & ASSOCIES,32,1,69,8,"RGE etudes, email, site, domaine tertiaire",499,HORS CIBLE
51184084500222,GREENFLEX LYON,contact@greenflex.com,,http://www.greenflex.com,9-13 RUE DES CUIRASSIERS,69003,LYON,511840845,opqibi,Etude bois énergie;Etude forage géothermique;Etude solaire photovoltaïque,site_web,A,,PRICEWATERHOUSECOOPERS AUDIT,32,1,69,8,"RGE etudes, email, site, domaine tertiaire",499,HORS CIBLE
77819650100572,GEOTEC RHONE-ALPES,agence.rhonealpes@geotec.fr,04 72 79 46 50,http://www.geotec.fr,5 rue Blaise Pascal,69680,CHASSIEU,778196501,opqibi,Etude forage géothermique,,A,,ROCARD AUDIT,41,1,69,7,"RGE etudes, email, tel, site",999,HORS CIBLE
34942875500186,WSP FRANCE LYON,,04 72 56 36 00,http://www.wsp.com,14 rue des Balançoires Bâtiment Central Brick,69007,LYON,349428755,opqibi,Etude eclairage;Etude système technique bâtiment,,A,,PIERRE EPARS,32,1,69,7,"RGE etudes, tel, site, domaine tertiaire",499,HORS CIBLE
39059603900342,EKIUM,jeremy.visseaux@ekium.eu,04 72 81 50 50,http://www.ekium.com,5 Rue Abraham Bloch,69007,LYON,390596039,opqibi,Etude bois énergie,,A,,AUDITEX,42,1,69,7,"RGE etudes, email, tel, site",1999,HORS CIBLE
44452352600879,ARTELIA - LIMONEST,,04 37 49 19 20,http://www.arteliagroup.com,"135, allée des Noisetiers Bâtiment A",69760,LIMONEST,444523526,opqibi,Audit énergétique Maison individuelle; Audit énergétique Logement collectif;Etude ACV;Etude bois énergie;Etude forage géothermique;Etude solaire photovoltaïque;Etude solaire thermique;Etude système technique bâtiment;Etude thermique reglementaire,,A,,DELOITTE & ASSOCIES,51,1,69,7,"RGE etudes, tel, site, domaine tertiaire",4999,HORS CIBLE
38440789600164,KARDHAM LYON,,,http://www.kardham.com,19 Bd Eugène Deruelle,69003,LYON,384407896,opqibi,Audit énergétique Maison individuelle; Audit énergétique Logement collectif;Commisionnement;Etude ACV;Etude eclairage;Etude système technique bâtiment;Etude thermique reglementaire,,A,,ROMAN ANDRE EMILE COSTE-PERCHET,32,1,69,6,"RGE etudes, site, domaine tertiaire",499,HORS CIBLE
51088862100016,THERMICONSEIL FRANCE,contact@thermiconseil.com,09 72 41 08 98,http://www.thermiconseil.fr,33 quai Arloing CS 10306,69337,LYON cedex 09,510888621,opqibi,Audit énergétique Maison individuelle;Audit énergétique Maison individuelle; Audit énergétique Logement collectif,,A,Procédures collectives (2026-02-20),JEAN-MARIE HENRI JOSEPH TEIL,12,1,69,11,"RGE etudes, email, tel, site, domaine tertiaire, effectif cible",49,EN DIFFICULTE
79367997800064,AMBEE S.A.S Siège social,a.chanteloup@ambree.fr,06 64 78 57 26,http://www.ambee.fr,"512, Chemin du loup",69530,ORLIENAS,793679978,opqibi,Audit énergétique Maison individuelle; Audit énergétique Logement collectif,,A,Procédures collectives (2026-06-19),MACBEE,11,1,69,11,"RGE etudes, email, tel, site, domaine tertiaire, effectif cible",19,EN DIFFICULTE
83923625400042,APPORE,contact@appore-france.fr,03 73 83 95 65,http://www.appore-france.fr,180 route de Vourles,69230,ST GENIS LAVAL,839236254,opqibi,Audit énergétique Maison individuelle;Audit énergétique Maison individuelle; Audit énergétique Logement collectif,,A,Procédures collectives (2025-12-23),CODE GUEYE,03,1,69,11,"RGE etudes, email, tel, site, domaine tertiaire, effectif cible",9,EN DIFFICULTE
42897986800042,BASTIDE BONDOUX,bet@bastide-bondoux.fr,04 78 16 06 16,http://www.bastide-bondoux.fr,4 Route des Troques,69630,CHAPONOST,428979868,opqibi,Audit énergétique Maison individuelle;Etude ACV;Etude thermique reglementaire,,,Procédures collectives (2025-12-19),,,1,69,9,"RGE etudes, email, tel, site, domaine tertiaire",0,EN DIFFICULTE
90155174700016,HAUS ARCHITECTES,contact@haus-architectes.com,06 71 22 68 28,https://haus-architectes.com,34 PLACE DE L'EGLISE,69220,CERCIE,901551747,cnoa,Audit énergétique Maison individuelle,,,Procédures collectives (2026-06-05),,,1,69,7,"RGE etudes, email, tel, site",0,EN DIFFICULTE
98285667600019,Bionergie,adrien.lequeuche@hotmail.fr,07 86 63 76 54,http://www.bionergie-renovation.fr,9 Rue de la Visina,69540,Irigny,982856676,opqibi,Audit énergétique Maison individuelle,,C,,ADRIEN LEQUEUCHE,NN,1,69,7,"RGE etudes, email, tel, site",0,FERMEE
